Title,Description,Link,Media URL,Keywords
"$30,000","That's the number. A plain apartment — not luxury, not a view of anything, just four walls you're allowed to lock — costs about thirty thousand dollars.

STILL HERE — 150 short reads that put your life in perspective. Free, works offline, no account.
https://fyosamu.github.io/still-here/",https://fyosamu.github.io/still-here/c/1.html,https://fyosamu.github.io/still-here/pins/001.jpg,"money,cost of living,inflation,reality check,personal finance,life facts"
$120,"That's what a shop clerk takes home in a month. It's also roughly what a guy selling socks in the bazaar clears. Same number, same stomach-drop on the 1st.

STILL HERE — 150 short reads that put your life in perspective. Free, works offline, no account.
https://fyosamu.github.io/still-here/",https://fyosamu.github.io/still-here/c/2.html,https://fyosamu.github.io/still-here/pins/002.jpg,"money,cost of living,inflation,reality check,personal finance,life facts"
250 months,"Divide them. Save every single dollar and eat nothing, and you'd own that apartment in 250 months. That's twenty years of not spending on anything, ever.

STILL HERE — 150 short reads that put your life in perspective. Free, works offline, no account.
https://fyosamu.github.io/still-here/",https://fyosamu.github.io/still-here/c/3.html,https://fyosamu.github.io/still-here/pins/003.jpg,"money,cost of living,inflation,reality check,personal finance,life facts"
But you do eat,"Which is the part everyone forgets when they do this math on paper with a nice round number and a smile.

STILL HERE — 150 short reads that put your life in perspective. Free, works offline, no account.
https://fyosamu.github.io/still-here/",https://fyosamu.github.io/still-here/c/4.html,https://fyosamu.github.io/still-here/pins/004.jpg,"money,cost of living,inflation,reality check,personal finance,life facts"
Half is already gone,"Take away food, bus fare, and the phone bill, and you're maybe setting aside $50 a month. Now it's 600 months. Fifty years.

STILL HERE — 150 short reads that put your life in perspective. Free, works offline, no account.
https://fyosamu.github.io/still-here/",https://fyosamu.github.io/still-here/c/5.html,https://fyosamu.github.io/still-here/pins/005.jpg,"money,cost of living,inflation,reality check,personal finance,life facts"
Fifty years,"Start at twenty, finish at seventy. You'd be signing for your front door the year your back gives out.

STILL HERE — 150 short reads that put your life in perspective. Free, works offline, no account.
https://fyosamu.github.io/still-here/",https://fyosamu.github.io/still-here/c/6.html,https://fyosamu.github.io/still-here/pins/006.jpg,"money,cost of living,inflation,reality check,personal finance,life facts"
That's not a savings plan,"That's a life sentence with a balcony.

STILL HERE — 150 short reads that put your life in perspective. Free, works offline, no account.
https://fyosamu.github.io/still-here/",https://fyosamu.github.io/still-here/c/7.html,https://fyosamu.github.io/still-here/pins/007.jpg,"money,cost of living,inflation,reality check,personal finance,life facts"
"""Just work harder""","Sure. Except there's a ceiling on how many hours a body can be awake, and the math doesn't care how motivated you are about it.

STILL HERE — 150 short reads that put your life in perspective. Free, works offline, no account.
https://fyosamu.github.io/still-here/",https://fyosamu.github.io/still-here/c/8.html,https://fyosamu.github.io/still-here/pins/008.jpg,"money,cost of living,inflation,reality check,personal finance,life facts"
The bazaar guy isn't lazy,"He opens at seven, closes at nine, six days a week. He's not behind because he slacked. He's behind because the numbers were never on his side.

STILL HERE — 150 short reads that put your life in perspective. Free, works offline, no account.
https://fyosamu.github.io/still-here/",https://fyosamu.github.io/still-here/c/9.html,https://fyosamu.github.io/still-here/pins/009.jpg,"money,cost of living,inflation,reality check,personal finance,life facts"
One hour of his life,"$120 across roughly 200 working hours comes out to about sixty cents an hour. Read that again and then tell someone to hustle.

STILL HERE — 150 short reads that put your life in perspective. Free, works offline, no account.
https://fyosamu.github.io/still-here/",https://fyosamu.github.io/still-here/c/10.html,https://fyosamu.github.io/still-here/pins/010.jpg,"money,cost of living,inflation,reality check,personal finance,life facts"
A meal costs four hours,"Call it three dollars for something basic on the street. At that wage, dinner is four hours of your life traded for dinner.

STILL HERE — 150 short reads that put your life in perspective. Free, works offline, no account.
https://fyosamu.github.io/still-here/",https://fyosamu.github.io/still-here/c/11.html,https://fyosamu.github.io/still-here/pins/011.jpg,"money,cost of living,inflation,reality check,personal finance,life facts"
The teacher's month,"Often less than $120. A person trusted with other people's kids, doing it for less than a phone bill in most countries.

STILL HERE — 150 short reads that put your life in perspective. Free, works offline, no account.
https://fyosamu.github.io/still-here/",https://fyosamu.github.io/still-here/c/12.html,https://fyosamu.github.io/still-here/pins/012.jpg,"money,cost of living,inflation,reality check,personal finance,life facts"
Rent eats the rest,"Not everyone even gets to start saving. Rent in a decent city quietly consumes the fifty dollars you were going to keep.

STILL HERE — 150 short reads that put your life in perspective. Free, works offline, no account.
https://fyosamu.github.io/still-here/",https://fyosamu.github.io/still-here/c/13.html,https://fyosamu.github.io/still-here/pins/013.jpg,"money,cost of living,inflation,reality check,personal finance,life facts"
The car costs more than the apartment,"Read that a second time. In a country that manufactures little you'd want, a basic car can out-price a home.

STILL HERE — 150 short reads that put your life in perspective. Free, works offline, no account.
https://fyosamu.github.io/still-here/",https://fyosamu.github.io/still-here/c/14.html,https://fyosamu.github.io/still-here/pins/014.jpg,"money,cost of living,inflation,reality check,personal finance,life facts"
"Inflation isn't a shock, it's weather","Prices don't jump once. They creep. You don't wake up to a disaster, you wake up to a slow drip you already got used to.

STILL HERE — 150 short reads that put your life in perspective. Free, works offline, no account.
https://fyosamu.github.io/still-here/",https://fyosamu.github.io/still-here/c/15.html,https://fyosamu.github.io/still-here/pins/015.jpg,"money,cost of living,inflation,reality check,personal finance,life facts"
Nobody plans to be poor here,"They plan. They budget. They skip the fruit. And the plan still breaks, every single month, in the same place.

STILL HERE — 150 short reads that put your life in perspective. Free, works offline, no account.
https://fyosamu.github.io/still-here/",https://fyosamu.github.io/still-here/c/16.html,https://fyosamu.github.io/still-here/pins/016.jpg,"money,cost of living,inflation,reality check,personal finance,life facts"
"The word is ""squeezed""","Not crashed. Not collapsed. Squeezed — slowly, politely, with a smile and a receipt.

STILL HERE — 150 short reads that put your life in perspective. Free, works offline, no account.
https://fyosamu.github.io/still-here/",https://fyosamu.github.io/still-here/c/17.html,https://fyosamu.github.io/still-here/pins/017.jpg,"money,cost of living,inflation,reality check,personal finance,life facts"
Two different realities,"The number in your account says fine. The number at the store says otherwise. Only one of those is yours to spend.

STILL HERE — 150 short reads that put your life in perspective. Free, works offline, no account.
https://fyosamu.github.io/still-here/",https://fyosamu.github.io/still-here/c/18.html,https://fyosamu.github.io/still-here/pins/018.jpg,"money,cost of living,inflation,reality check,personal finance,life facts"
"""Just move abroad""","It costs money to leave. The cheapest flight out is more than a full month of the income we're talking about.

STILL HERE — 150 short reads that put your life in perspective. Free, works offline, no account.
https://fyosamu.github.io/still-here/",https://fyosamu.github.io/still-here/c/19.html,https://fyosamu.github.io/still-here/pins/019.jpg,"money,cost of living,inflation,reality check,personal finance,life facts"
The ones who left worked three jobs,"Not because they're smarter. Because they ran the exact same hustle inside an economy that actually pays for it.

STILL HERE — 150 short reads that put your life in perspective. Free, works offline, no account.
https://fyosamu.github.io/still-here/",https://fyosamu.github.io/still-here/c/20.html,https://fyosamu.github.io/still-here/pins/020.jpg,"money,cost of living,inflation,reality check,personal finance,life facts"
A haircut is a decision now,"Not a big one. Just a decision with a number attached, and you make it with your teeth clenched a little.

STILL HERE — 150 short reads that put your life in perspective. Free, works offline, no account.
https://fyosamu.github.io/still-here/",https://fyosamu.github.io/still-here/c/21.html,https://fyosamu.github.io/still-here/pins/021.jpg,"money,cost of living,inflation,reality check,personal finance,life facts"
Nobody posts this part,"Instagram shows the trip up north. It doesn't show the forty-seven days of instant noodles that paid for it.

STILL HERE — 150 short reads that put your life in perspective. Free, works offline, no account.
https://fyosamu.github.io/still-here/",https://fyosamu.github.io/still-here/c/22.html,https://fyosamu.github.io/still-here/pins/022.jpg,"money,cost of living,inflation,reality check,personal finance,life facts"
The cruelest bit: everyone knows,"There's no illusion left. You're not misinformed, you're just stuck. That's a completely different kind of hard.

STILL HERE — 150 short reads that put your life in perspective. Free, works offline, no account.
https://fyosamu.github.io/still-here/",https://fyosamu.github.io/still-here/c/23.html,https://fyosamu.github.io/still-here/pins/023.jpg,"money,cost of living,inflation,reality check,personal finance,life facts"
"This is not a complaint, it's division","Two numbers were handed over: thirty thousand, and one-twenty. Everything above is just what happens when you divide one by the other.

STILL HERE — 150 short reads that put your life in perspective. Free, works offline, no account.
https://fyosamu.github.io/still-here/",https://fyosamu.github.io/still-here/c/24.html,https://fyosamu.github.io/still-here/pins/024.jpg,"money,cost of living,inflation,reality check,personal finance,life facts"
You're reading this from somewhere else,"Which means for once, you're standing outside this particular math. That's not luck you should sit on. Don't waste the position.

STILL HERE — 150 short reads that put your life in perspective. Free, works offline, no account.
https://fyosamu.github.io/still-here/",https://fyosamu.github.io/still-here/c/25.html,https://fyosamu.github.io/still-here/pins/025.jpg,"money,cost of living,inflation,reality check,personal finance,life facts"
You started as one cell,"Not a person. Not a plan. One cell — no opinions, no name, no idea what was coming.

STILL HERE — 150 short reads that put your life in perspective. Free, works offline, no account.
https://fyosamu.github.io/still-here/",https://fyosamu.github.io/still-here/c/26.html,https://fyosamu.github.io/still-here/pins/026.jpg,"science,evolution,biology,psychology,how the mind works,facts"
Then it split,"Two. And the entire game changed, because two cells have to coordinate, and coordination needs instructions.

STILL HERE — 150 short reads that put your life in perspective. Free, works offline, no account.
https://fyosamu.github.io/still-here/",https://fyosamu.github.io/still-here/c/27.html,https://fyosamu.github.io/still-here/pins/027.jpg,"science,evolution,biology,psychology,how the mind works,facts"
The instructions are a gene,"Not a personality. Not a destiny. A molecule with exactly two priorities: keep me, copy me.

STILL HERE — 150 short reads that put your life in perspective. Free, works offline, no account.
https://fyosamu.github.io/still-here/",https://fyosamu.github.io/still-here/c/28.html,https://fyosamu.github.io/still-here/pins/028.jpg,"science,evolution,biology,psychology,how the mind works,facts"
Keep me. Copy me.,"That's the whole brief. Every human ambition you've ever watched is downstream of something that just wants a backup copy.

STILL HERE — 150 short reads that put your life in perspective. Free, works offline, no account.
https://fyosamu.github.io/still-here/",https://fyosamu.github.io/still-here/c/29.html,https://fyosamu.github.io/still-here/pins/029.jpg,"science,evolution,biology,psychology,how the mind works,facts"
"You're the strategy, not the strategist","You didn't decide to want things. Wanting arrived already attached to you, already running, no setup required.

STILL HERE — 150 short reads that put your life in perspective. Free, works offline, no account.
https://fyosamu.github.io/still-here/",https://fyosamu.github.io/still-here/c/30.html,https://fyosamu.github.io/still-here/pins/030.jpg,"science,evolution,biology,psychology,how the mind works,facts"
Why you don't feel like a colony,"Because the coordination is invisible. Thirty-seven trillion cells agreeing on ""I'm hungry"" feels exactly like one thought.

STILL HERE — 150 short reads that put your life in perspective. Free, works offline, no account.
https://fyosamu.github.io/still-here/",https://fyosamu.github.io/still-here/c/31.html,https://fyosamu.github.io/still-here/pins/031.jpg,"science,evolution,biology,psychology,how the mind works,facts"
You are literally a truce,"Your body is a ceasefire between cells that all want slightly different things. It works. Most days.

STILL HERE — 150 short reads that put your life in perspective. Free, works offline, no account.
https://fyosamu.github.io/still-here/",https://fyosamu.github.io/still-here/c/32.html,https://fyosamu.github.io/still-here/pins/032.jpg,"science,evolution,biology,psychology,how the mind works,facts"
"""Alone"" is a feeling, not a fact","Nothing in you is solitary. Even your gut is a city of other organisms with their own agenda.

STILL HERE — 150 short reads that put your life in perspective. Free, works offline, no account.
https://fyosamu.github.io/still-here/",https://fyosamu.github.io/still-here/c/33.html,https://fyosamu.github.io/still-here/pins/033.jpg,"science,evolution,biology,psychology,how the mind works,facts"
The biology version of not alone,"Every cell in you is running the same deal, struck 3.8 billion years ago. You're a very loud branch of one very old argument.

STILL HERE — 150 short reads that put your life in perspective. Free, works offline, no account.
https://fyosamu.github.io/still-here/",https://fyosamu.github.io/still-here/c/34.html,https://fyosamu.github.io/still-here/pins/034.jpg,"science,evolution,biology,psychology,how the mind works,facts"
Replication isn't romantic,"It isn't about legacy or meaning. It's a pattern that made more of itself — and the patterns that didn't, aren't here to be sad about it.

STILL HERE — 150 short reads that put your life in perspective. Free, works offline, no account.
https://fyosamu.github.io/still-here/",https://fyosamu.github.io/still-here/c/35.html,https://fyosamu.github.io/still-here/pins/035.jpg,"science,evolution,biology,psychology,how the mind works,facts"
"Survivorship, that's all","You're not the best design. You're the design that happened to still be running when everyone else's version stopped.

STILL HERE — 150 short reads that put your life in perspective. Free, works offline, no account.
https://fyosamu.github.io/still-here/",https://fyosamu.github.io/still-here/c/36.html,https://fyosamu.github.io/still-here/pins/036.jpg,"science,evolution,biology,psychology,how the mind works,facts"
So why does it feel like meaning?,"Because a pattern that doesn't protect itself stops existing. Meaning is the alarm bell, not the reason for the alarm.

STILL HERE — 150 short reads that put your life in perspective. Free, works offline, no account.
https://fyosamu.github.io/still-here/",https://fyosamu.github.io/still-here/c/37.html,https://fyosamu.github.io/still-here/pins/037.jpg,"science,evolution,biology,psychology,how the mind works,facts"
Anger is a price tag,"When you rage at being cut off in traffic, that's your brain slapping a value on something and screaming THIS MATTERS. You didn't set that value. It came pre-installed.

STILL HERE — 150 short reads that put your life in perspective. Free, works offline, no account.
https://fyosamu.github.io/still-here/",https://fyosamu.github.io/still-here/c/38.html,https://fyosamu.github.io/still-here/pins/038.jpg,"science,evolution,biology,psychology,how the mind works,facts"
Jealousy is a spreadsheet entry,"Your code logged ""resources held by others = threat to my copy."" You just get to feel it as a knot somewhere under your ribs.

STILL HERE — 150 short reads that put your life in perspective. Free, works offline, no account.
https://fyosamu.github.io/still-here/",https://fyosamu.github.io/still-here/c/39.html,https://fyosamu.github.io/still-here/pins/039.jpg,"science,evolution,biology,psychology,how the mind works,facts"
Fear is maintenance,"The thing keeping you alive never asked your permission and has no interest in whether you find it exhausting.

STILL HERE — 150 short reads that put your life in perspective. Free, works offline, no account.
https://fyosamu.github.io/still-here/",https://fyosamu.github.io/still-here/c/40.html,https://fyosamu.github.io/still-here/pins/040.jpg,"science,evolution,biology,psychology,how the mind works,facts"
You never chose your first preference,"You showed up already preferring sugar over dirt, warm over cold, safe over unsafe. All of it arrived with the package.

STILL HERE — 150 short reads that put your life in perspective. Free, works offline, no account.
https://fyosamu.github.io/still-here/",https://fyosamu.github.io/still-here/c/41.html,https://fyosamu.github.io/still-here/pins/041.jpg,"science,evolution,biology,psychology,how the mind works,facts"
Even your opinions have a boss,"The things you're certain about feel like yours. Trace them back far enough and you'll hit machinery you never built.

STILL HERE — 150 short reads that put your life in perspective. Free, works offline, no account.
https://fyosamu.github.io/still-here/",https://fyosamu.github.io/still-here/c/42.html,https://fyosamu.github.io/still-here/pins/042.jpg,"science,evolution,biology,psychology,how the mind works,facts"
This doesn't make you a robot,"Knowing the wiring doesn't switch it off. You still get to look at the alarm and decide what to do next.

STILL HERE — 150 short reads that put your life in perspective. Free, works offline, no account.
https://fyosamu.github.io/still-here/",https://fyosamu.github.io/still-here/c/43.html,https://fyosamu.github.io/still-here/pins/043.jpg,"science,evolution,biology,psychology,how the mind works,facts"
That's actually the upgrade,"A cell can't overrule its drives. You can notice one, name it, and pick anyway. Nothing before you could do that.

STILL HERE — 150 short reads that put your life in perspective. Free, works offline, no account.
https://fyosamu.github.io/still-here/",https://fyosamu.github.io/still-here/c/44.html,https://fyosamu.github.io/still-here/pins/044.jpg,"science,evolution,biology,psychology,how the mind works,facts"
The line nobody drew,"Somewhere between one cell and a person who reads, the pattern learned to argue with itself. That's us. That's the strange part.

STILL HERE — 150 short reads that put your life in perspective. Free, works offline, no account.
https://fyosamu.github.io/still-here/",https://fyosamu.github.io/still-here/c/45.html,https://fyosamu.github.io/still-here/pins/045.jpg,"science,evolution,biology,psychology,how the mind works,facts"
What you are now is the receipt,"Every ancestor who survived a winter, a drought, one bad decision — you're the final line item on a very long invoice.

STILL HERE — 150 short reads that put your life in perspective. Free, works offline, no account.
https://fyosamu.github.io/still-here/",https://fyosamu.github.io/still-here/c/46.html,https://fyosamu.github.io/still-here/pins/046.jpg,"science,evolution,biology,psychology,how the mind works,facts"
A running total,"Not a miracle. Just an unbroken chain of good enough, again, again, again, with no days off.

STILL HERE — 150 short reads that put your life in perspective. Free, works offline, no account.
https://fyosamu.github.io/still-here/",https://fyosamu.github.io/still-here/c/47.html,https://fyosamu.github.io/still-here/pins/047.jpg,"science,evolution,biology,psychology,how the mind works,facts"
The chain doesn't care about your bad day,"It handed you a nervous system and moved on. What you build with it is genuinely, uncomfortably, up to you.

STILL HERE — 150 short reads that put your life in perspective. Free, works offline, no account.
https://fyosamu.github.io/still-here/",https://fyosamu.github.io/still-here/c/48.html,https://fyosamu.github.io/still-here/pins/048.jpg,"science,evolution,biology,psychology,how the mind works,facts"
"Blame the gene, then get up","Knowing emotions are installed doesn't make them fake. It makes them editable. That's a better deal than most people get.

STILL HERE — 150 short reads that put your life in perspective. Free, works offline, no account.
https://fyosamu.github.io/still-here/",https://fyosamu.github.io/still-here/c/49.html,https://fyosamu.github.io/still-here/pins/049.jpg,"science,evolution,biology,psychology,how the mind works,facts"
3.8 billion years landed on you opening this card,"Statistically absurd. Might as well do something loud with it.

STILL HERE — 150 short reads that put your life in perspective. Free, works offline, no account.
https://fyosamu.github.io/still-here/",https://fyosamu.github.io/still-here/c/50.html,https://fyosamu.github.io/still-here/pins/050.jpg,"science,evolution,biology,psychology,how the mind works,facts"
Infinite people never got here,"Every line that ended, every person who never reproduced, every road that just stopped. You're the exception, not the rule.

STILL HERE — 150 short reads that put your life in perspective. Free, works offline, no account.
https://fyosamu.github.io/still-here/",https://fyosamu.github.io/still-here/c/51.html,https://fyosamu.github.io/still-here/pins/051.jpg,"gratitude,perspective,motivation,life advice,self improvement,thinking"
And infinite more won't,"People who'll never be born because of a choice made in the next five minutes. You're not late. You're not early. You're exactly here.

STILL HERE — 150 short reads that put your life in perspective. Free, works offline, no account.
https://fyosamu.github.io/still-here/",https://fyosamu.github.io/still-here/c/52.html,https://fyosamu.github.io/still-here/pins/052.jpg,"gratitude,perspective,motivation,life advice,self improvement,thinking"
The seat was almost not yours,"One different decision by one ancestor and you're a different person, or no person at all.

STILL HERE — 150 short reads that put your life in perspective. Free, works offline, no account.
https://fyosamu.github.io/still-here/",https://fyosamu.github.io/still-here/c/53.html,https://fyosamu.github.io/still-here/pins/053.jpg,"gratitude,perspective,motivation,life advice,self improvement,thinking"
You're alive right now,"Not in a postcard way. Actually. While you read this, you're one of the tiny fraction of everything that can notice anything.

STILL HERE — 150 short reads that put your life in perspective. Free, works offline, no account.
https://fyosamu.github.io/still-here/",https://fyosamu.github.io/still-here/c/54.html,https://fyosamu.github.io/still-here/pins/054.jpg,"gratitude,perspective,motivation,life advice,self improvement,thinking"
The universe is 13.8 billion years old,"It waited that long to build something that could look back at it. That something is currently you, on a screen, slightly bored.

STILL HERE — 150 short reads that put your life in perspective. Free, works offline, no account.
https://fyosamu.github.io/still-here/",https://fyosamu.github.io/still-here/c/55.html,https://fyosamu.github.io/still-here/pins/055.jpg,"gratitude,perspective,motivation,life advice,self improvement,thinking"
You can taste things,"A structure made of stardust figured out how to detect sugar. Nothing else up there has that feature.

STILL HERE — 150 short reads that put your life in perspective. Free, works offline, no account.
https://fyosamu.github.io/still-here/",https://fyosamu.github.io/still-here/c/56.html,https://fyosamu.github.io/still-here/pins/056.jpg,"gratitude,perspective,motivation,life advice,self improvement,thinking"
You can get bored,"Complaining about boredom is a luxury problem. Rocks don't get bored. Neither does 99.9999% of everything that exists.

STILL HERE — 150 short reads that put your life in perspective. Free, works offline, no account.
https://fyosamu.github.io/still-here/",https://fyosamu.github.io/still-here/c/57.html,https://fyosamu.github.io/still-here/pins/057.jpg,"gratitude,perspective,motivation,life advice,self improvement,thinking"
You can miss people,"Missing requires memory, which requires a brain that bothered to store something. Amazing machine, terrible billing department.

STILL HERE — 150 short reads that put your life in perspective. Free, works offline, no account.
https://fyosamu.github.io/still-here/",https://fyosamu.github.io/still-here/c/58.html,https://fyosamu.github.io/still-here/pins/058.jpg,"gratitude,perspective,motivation,life advice,self improvement,thinking"
Someone laughed at something you said once,"You probably don't remember it. They might. That's a real event in a real universe, caused directly by you.

STILL HERE — 150 short reads that put your life in perspective. Free, works offline, no account.
https://fyosamu.github.io/still-here/",https://fyosamu.github.io/still-here/c/59.html,https://fyosamu.github.io/still-here/pins/059.jpg,"gratitude,perspective,motivation,life advice,self improvement,thinking"
The weather is free,"Not money-free. Just: nobody charged you for the color of that sunset, and it still happened anyway.

STILL HERE — 150 short reads that put your life in perspective. Free, works offline, no account.
https://fyosamu.github.io/still-here/",https://fyosamu.github.io/still-here/c/60.html,https://fyosamu.github.io/still-here/pins/060.jpg,"gratitude,perspective,motivation,life advice,self improvement,thinking"
You have a tomorrow,"Not guaranteed, but scheduled. Most things that ever existed had no schedule at all, not even a rough one.

STILL HERE — 150 short reads that put your life in perspective. Free, works offline, no account.
https://fyosamu.github.io/still-here/",https://fyosamu.github.io/still-here/c/61.html,https://fyosamu.github.io/still-here/pins/061.jpg,"gratitude,perspective,motivation,life advice,self improvement,thinking"
You can change your mind,"Genuinely. A single cell can't. A rock can't. You can read one card and walk away different than you arrived.

STILL HERE — 150 short reads that put your life in perspective. Free, works offline, no account.
https://fyosamu.github.io/still-here/",https://fyosamu.github.io/still-here/c/62.html,https://fyosamu.github.io/still-here/pins/062.jpg,"gratitude,perspective,motivation,life advice,self improvement,thinking"
Someone from 500 years ago would call you a god,"Running water, a light you switch on with your finger, food from three continents. You've been bored of miracles for years.

STILL HERE — 150 short reads that put your life in perspective. Free, works offline, no account.
https://fyosamu.github.io/still-here/",https://fyosamu.github.io/still-here/c/63.html,https://fyosamu.github.io/still-here/pins/063.jpg,"gratitude,perspective,motivation,life advice,self improvement,thinking"
You're bored of miracles,"Let that land properly. You got handed the impossible and filed it under ""Tuesday, nothing special.""

STILL HERE — 150 short reads that put your life in perspective. Free, works offline, no account.
https://fyosamu.github.io/still-here/",https://fyosamu.github.io/still-here/c/64.html,https://fyosamu.github.io/still-here/pins/064.jpg,"gratitude,perspective,motivation,life advice,self improvement,thinking"
You can choose what to think about next,"That wasn't always on. For most of history, most people got one job and one set of rules and no say in the matter.

STILL HERE — 150 short reads that put your life in perspective. Free, works offline, no account.
https://fyosamu.github.io/still-here/",https://fyosamu.github.io/still-here/c/65.html,https://fyosamu.github.io/still-here/pins/065.jpg,"gratitude,perspective,motivation,life advice,self improvement,thinking"
You're not starving while reading this,"If you are — eat first, come back. If you're not, that's one problem already solved today. Check.

STILL HERE — 150 short reads that put your life in perspective. Free, works offline, no account.
https://fyosamu.github.io/still-here/",https://fyosamu.github.io/still-here/c/66.html,https://fyosamu.github.io/still-here/pins/066.jpg,"gratitude,perspective,motivation,life advice,self improvement,thinking"
You have access to every book ever written,"In your pocket, for free. And we mostly use it to watch a stranger fall off a chair.

STILL HERE — 150 short reads that put your life in perspective. Free, works offline, no account.
https://fyosamu.github.io/still-here/",https://fyosamu.github.io/still-here/c/67.html,https://fyosamu.github.io/still-here/pins/067.jpg,"gratitude,perspective,motivation,life advice,self improvement,thinking"
That's still your right,"Nobody has to earn the right to waste an afternoon. Sometimes wasting the afternoon is the entire point of the afternoon.

STILL HERE — 150 short reads that put your life in perspective. Free, works offline, no account.
https://fyosamu.github.io/still-here/",https://fyosamu.github.io/still-here/c/68.html,https://fyosamu.github.io/still-here/pins/068.jpg,"gratitude,perspective,motivation,life advice,self improvement,thinking"
You can be kind on purpose,"Instinct gets you some of it. Doing it when it's inconvenient — that's the part no gene ever asked for.

STILL HERE — 150 short reads that put your life in perspective. Free, works offline, no account.
https://fyosamu.github.io/still-here/",https://fyosamu.github.io/still-here/c/69.html,https://fyosamu.github.io/still-here/pins/069.jpg,"gratitude,perspective,motivation,life advice,self improvement,thinking"
You can forgive a gene,"Yours is running on very old code with a very short memory. Knowing that makes you the adult in the room.

STILL HERE — 150 short reads that put your life in perspective. Free, works offline, no account.
https://fyosamu.github.io/still-here/",https://fyosamu.github.io/still-here/c/70.html,https://fyosamu.github.io/still-here/pins/070.jpg,"gratitude,perspective,motivation,life advice,self improvement,thinking"
The people after you aren't born yet,"Someone in 2140 will exist because of something you do or don't do. You're not a passenger. You're the hinge.

STILL HERE — 150 short reads that put your life in perspective. Free, works offline, no account.
https://fyosamu.github.io/still-here/",https://fyosamu.github.io/still-here/c/71.html,https://fyosamu.github.io/still-here/pins/071.jpg,"gratitude,perspective,motivation,life advice,self improvement,thinking"
Someone before you gave up something for you,"A name you'll never know stayed alive long enough for your line to continue. They get no credit. You are the credit.

STILL HERE — 150 short reads that put your life in perspective. Free, works offline, no account.
https://fyosamu.github.io/still-here/",https://fyosamu.github.io/still-here/c/72.html,https://fyosamu.github.io/still-here/pins/072.jpg,"gratitude,perspective,motivation,life advice,self improvement,thinking"
It cost 13.8 billion years to get you here,"That's the bill on the table. Try not to undersell the product.

STILL HERE — 150 short reads that put your life in perspective. Free, works offline, no account.
https://fyosamu.github.io/still-here/",https://fyosamu.github.io/still-here/c/73.html,https://fyosamu.github.io/still-here/pins/073.jpg,"gratitude,perspective,motivation,life advice,self improvement,thinking"
Nobody's handing out medals for existing,"Which is strange, because existing was genuinely the hard part. Everything after that is negotiable.

STILL HERE — 150 short reads that put your life in perspective. Free, works offline, no account.
https://fyosamu.github.io/still-here/",https://fyosamu.github.io/still-here/c/74.html,https://fyosamu.github.io/still-here/pins/074.jpg,"gratitude,perspective,motivation,life advice,self improvement,thinking"
So what are you doing with it?,"Not a demand. Just a real question. You've got the rarest thing in the cosmos and it's on a timer.

STILL HERE — 150 short reads that put your life in perspective. Free, works offline, no account.
https://fyosamu.github.io/still-here/",https://fyosamu.github.io/still-here/c/75.html,https://fyosamu.github.io/still-here/pins/075.jpg,"gratitude,perspective,motivation,life advice,self improvement,thinking"
The tapeworm,"No mouth. No stomach. No eyes. No brain. It lives in the dark inside another creature and absorbs whatever it's given. It's been doing this for 500 million years.

STILL HERE — 150 short reads that put your life in perspective. Free, works offline, no account.
https://fyosamu.github.io/still-here/",https://fyosamu.github.io/still-here/c/76.html,https://fyosamu.github.io/still-here/pins/076.jpg,"facts,motivation,perspective"
That's the bar,"Half a billion years of what we'd call ""success,"" and it has never once gotten to see anything at all.

STILL HERE — 150 short reads that put your life in perspective. Free, works offline, no account.
https://fyosamu.github.io/still-here/",https://fyosamu.github.io/still-here/c/77.html,https://fyosamu.github.io/still-here/pins/077.jpg,"facts,motivation,perspective"
It has no idea it exists,"And honestly, neither do you most days. The difference is that you get to notice that, which is somehow worse and way better.

STILL HERE — 150 short reads that put your life in perspective. Free, works offline, no account.
https://fyosamu.github.io/still-here/",https://fyosamu.github.io/still-here/c/78.html,https://fyosamu.github.io/still-here/pins/078.jpg,"facts,motivation,perspective"
Nobody wrote a poem about a tapeworm,"And it wouldn't matter if they did. There's no one in there to read it.

STILL HERE — 150 short reads that put your life in perspective. Free, works offline, no account.
https://fyosamu.github.io/still-here/",https://fyosamu.github.io/still-here/c/79.html,https://fyosamu.github.io/still-here/pins/079.jpg,"facts,motivation,perspective"
Its whole life is someone else's lunch,"It never picked a meal, a room, a name. It just arrived inside a system and did the only thing it knows how to do.

STILL HERE — 150 short reads that put your life in perspective. Free, works offline, no account.
https://fyosamu.github.io/still-here/",https://fyosamu.github.io/still-here/c/80.html,https://fyosamu.github.io/still-here/pins/080.jpg,"facts,motivation,perspective"
Survival with zero enjoyment,"You say life is hard. A tapeworm couldn't understand the complaint, or the concept of ""better,"" or the word ""worse.""

STILL HERE — 150 short reads that put your life in perspective. Free, works offline, no account.
https://fyosamu.github.io/still-here/",https://fyosamu.github.io/still-here/c/81.html,https://fyosamu.github.io/still-here/pins/081.jpg,"facts,motivation,perspective"
And it's still winning,"It outlived the dinosaurs. It'll probably outlive us. Which should tell you that winning was never the point.

STILL HERE — 150 short reads that put your life in perspective. Free, works offline, no account.
https://fyosamu.github.io/still-here/",https://fyosamu.github.io/still-here/c/82.html,https://fyosamu.github.io/still-here/pins/082.jpg,"facts,motivation,perspective"
Now the parasitic wasp,"It stings a caterpillar, paralyzes it, lays eggs inside, and the eggs hatch and eat the host from the inside out. Alive. In order.

STILL HERE — 150 short reads that put your life in perspective. Free, works offline, no account.
https://fyosamu.github.io/still-here/",https://fyosamu.github.io/still-here/c/83.html,https://fyosamu.github.io/still-here/pins/083.jpg,"facts,motivation,perspective"
That's a Tuesday for it,"No villain. No plan. Just a program running with the brightness turned all the way off.

STILL HERE — 150 short reads that put your life in perspective. Free, works offline, no account.
https://fyosamu.github.io/still-here/",https://fyosamu.github.io/still-here/c/84.html,https://fyosamu.github.io/still-here/pins/084.jpg,"facts,motivation,perspective"
The botfly larva,"Burrows into skin, eats its way around, comes out when it's finished. You'd be screaming the entire time. It wouldn't be.

STILL HERE — 150 short reads that put your life in perspective. Free, works offline, no account.
https://fyosamu.github.io/still-here/",https://fyosamu.github.io/still-here/c/85.html,https://fyosamu.github.io/still-here/pins/085.jpg,"facts,motivation,perspective"
The male anglerfish,"He bites the female, fuses to her, dissolves, and becomes nothing but a pair of gonads. That's the entire career path.

STILL HERE — 150 short reads that put your life in perspective. Free, works offline, no account.
https://fyosamu.github.io/still-here/",https://fyosamu.github.io/still-here/c/86.html,https://fyosamu.github.io/still-here/pins/086.jpg,"facts,motivation,perspective"
Koala fingerprints,"Under a microscope they're indistinguishable from a human's. Evolution ran out of ideas and copied ours. Nobody asked permission.

STILL HERE — 150 short reads that put your life in perspective. Free, works offline, no account.
https://fyosamu.github.io/still-here/",https://fyosamu.github.io/still-here/c/87.html,https://fyosamu.github.io/still-here/pins/087.jpg,"facts,motivation,perspective"
Your cat would eat you if you stopped moving,"Not out of malice. Its ""care"" setting simply doesn't cover you. You are not in the config file.

STILL HERE — 150 short reads that put your life in perspective. Free, works offline, no account.
https://fyosamu.github.io/still-here/",https://fyosamu.github.io/still-here/c/88.html,https://fyosamu.github.io/still-here/pins/088.jpg,"facts,motivation,perspective"
"The point isn't ""it's worse out there""","The point is: you got the version with eyes, jokes, cold drinks, and the ability to be annoyed by all three.

STILL HERE — 150 short reads that put your life in perspective. Free, works offline, no account.
https://fyosamu.github.io/still-here/",https://fyosamu.github.io/still-here/c/89.html,https://fyosamu.github.io/still-here/pins/089.jpg,"facts,motivation,perspective"
You can be sad. They can't even get that far.,"Sadness requires a self to be sad about. Most living things never make it as far as having a self.

STILL HERE — 150 short reads that put your life in perspective. Free, works offline, no account.
https://fyosamu.github.io/still-here/",https://fyosamu.github.io/still-here/c/90.html,https://fyosamu.github.io/still-here/pins/090.jpg,"facts,motivation,perspective"
Being miserable is an upgrade,"Read that again with a straight face. It means you have something to lose, which is not a small thing.

STILL HERE — 150 short reads that put your life in perspective. Free, works offline, no account.
https://fyosamu.github.io/still-here/",https://fyosamu.github.io/still-here/c/91.html,https://fyosamu.github.io/still-here/pins/091.jpg,"facts,motivation,perspective"
A rock isn't depressed,"It also isn't anything. The minimum entry fee for being anything at all is that you sometimes feel bad about it.

STILL HERE — 150 short reads that put your life in perspective. Free, works offline, no account.
https://fyosamu.github.io/still-here/",https://fyosamu.github.io/still-here/c/92.html,https://fyosamu.github.io/still-here/pins/092.jpg,"facts,motivation,perspective"
The tapeworm can't have a bad day,"It also can't have a good one. That's the trade it made by not bothering with a brain.

STILL HERE — 150 short reads that put your life in perspective. Free, works offline, no account.
https://fyosamu.github.io/still-here/",https://fyosamu.github.io/still-here/c/93.html,https://fyosamu.github.io/still-here/pins/093.jpg,"facts,motivation,perspective"
You get both,"Good day, bad day, weird day, day you refuse to describe to anyone. Both columns come with the same membership.

STILL HERE — 150 short reads that put your life in perspective. Free, works offline, no account.
https://fyosamu.github.io/still-here/",https://fyosamu.github.io/still-here/c/94.html,https://fyosamu.github.io/still-here/pins/094.jpg,"facts,motivation,perspective"
Nobody has ever envied a jellyfish,"No brain, no heart, no blood. It drifts. It's extremely good at drifting. Still not what anyone's aiming for.

STILL HERE — 150 short reads that put your life in perspective. Free, works offline, no account.
https://fyosamu.github.io/still-here/",https://fyosamu.github.io/still-here/c/95.html,https://fyosamu.github.io/still-here/pins/095.jpg,"facts,motivation,perspective"
Consider the sponge,"It doesn't eat, think, move, or notice anything. It's been at this for 600 million years. Not one person is jealous.

STILL HERE — 150 short reads that put your life in perspective. Free, works offline, no account.
https://fyosamu.github.io/still-here/",https://fyosamu.github.io/still-here/c/96.html,https://fyosamu.github.io/still-here/pins/096.jpg,"facts,motivation,perspective"
Glad you're not that?,"Then you already answered what you'd rather be instead. Hold onto that answer, it's more useful than it looks.

STILL HERE — 150 short reads that put your life in perspective. Free, works offline, no account.
https://fyosamu.github.io/still-here/",https://fyosamu.github.io/still-here/c/97.html,https://fyosamu.github.io/still-here/pins/097.jpg,"facts,motivation,perspective"
Every alternative on the table is worse,"That's not a reason to be smug. It's a reason to stop renegotiating with your own life.

STILL HERE — 150 short reads that put your life in perspective. Free, works offline, no account.
https://fyosamu.github.io/still-here/",https://fyosamu.github.io/still-here/c/98.html,https://fyosamu.github.io/still-here/pins/098.jpg,"facts,motivation,perspective"
You drew the only hand that can complain about the hand,"Which is either the universe's best joke or its entire point, and nobody's confirming which.

STILL HERE — 150 short reads that put your life in perspective. Free, works offline, no account.
https://fyosamu.github.io/still-here/",https://fyosamu.github.io/still-here/c/99.html,https://fyosamu.github.io/still-here/pins/099.jpg,"facts,motivation,perspective"
"So no, you don't want to be a tapeworm","Good. Now go act like somebody who knows exactly what they dodged.

STILL HERE — 150 short reads that put your life in perspective. Free, works offline, no account.
https://fyosamu.github.io/still-here/",https://fyosamu.github.io/still-here/c/100.html,https://fyosamu.github.io/still-here/pins/100.jpg,"facts,motivation,perspective"
The gene doesn't care how you feel,"Good news. Neither should you, about the excuses you've been rehearsing.

STILL HERE — 150 short reads that put your life in perspective. Free, works offline, no account.
https://fyosamu.github.io/still-here/",https://fyosamu.github.io/still-here/c/101.html,https://fyosamu.github.io/still-here/pins/101.jpg,"facts,motivation,perspective"
"Motivation is a guest, not a tenant","It'll visit sometimes. Don't hand it the lease. Do the work while it's out of the house.

STILL HERE — 150 short reads that put your life in perspective. Free, works offline, no account.
https://fyosamu.github.io/still-here/",https://fyosamu.github.io/still-here/c/102.html,https://fyosamu.github.io/still-here/pins/102.jpg,"facts,motivation,perspective"
Start embarrassingly small,"Two minutes. One sentence. One push-up. The bar has to be low enough that arguing with it looks stupid.

STILL HERE — 150 short reads that put your life in perspective. Free, works offline, no account.
https://fyosamu.github.io/still-here/",https://fyosamu.github.io/still-here/c/103.html,https://fyosamu.github.io/still-here/pins/103.jpg,"facts,motivation,perspective"
Nobody's coming,"Not a mentor, not a moment, not a sign from the universe. The only sign you're getting is the one you build yourself.

STILL HERE — 150 short reads that put your life in perspective. Free, works offline, no account.
https://fyosamu.github.io/still-here/",https://fyosamu.github.io/still-here/c/104.html,https://fyosamu.github.io/still-here/pins/104.jpg,"facts,motivation,perspective"
The discomfort is the whole product,"Everything you want is sitting on the other side of something you don't want to do. Every time.

STILL HERE — 150 short reads that put your life in perspective. Free, works offline, no account.
https://fyosamu.github.io/still-here/",https://fyosamu.github.io/still-here/c/105.html,https://fyosamu.github.io/still-here/pins/105.jpg,"facts,motivation,perspective"
You're allowed to be bad at it,"For a while. Being bad at something is just the entry fee, and everybody pays it in full, upfront.

STILL HERE — 150 short reads that put your life in perspective. Free, works offline, no account.
https://fyosamu.github.io/still-here/",https://fyosamu.github.io/still-here/c/106.html,https://fyosamu.github.io/still-here/pins/106.jpg,"facts,motivation,perspective"
Discipline beats feelings,"Feelings change four times before lunch. Discipline is just feelings that agreed to show up anyway.

STILL HERE — 150 short reads that put your life in perspective. Free, works offline, no account.
https://fyosamu.github.io/still-here/",https://fyosamu.github.io/still-here/c/107.html,https://fyosamu.github.io/still-here/pins/107.jpg,"facts,motivation,perspective"
Your ancestors survived worse with less,"A famine, a war, a winter with no heater. Your excuse is a push notification.

STILL HERE — 150 short reads that put your life in perspective. Free, works offline, no account.
https://fyosamu.github.io/still-here/",https://fyosamu.github.io/still-here/c/108.html,https://fyosamu.github.io/still-here/pins/108.jpg,"facts,motivation,perspective"
Comparison is a rigged game,"You're putting your chapter two next to their chapter twenty, using their highlight reel as the ruler.

STILL HERE — 150 short reads that put your life in perspective. Free, works offline, no account.
https://fyosamu.github.io/still-here/",https://fyosamu.github.io/still-here/c/109.html,https://fyosamu.github.io/still-here/pins/109.jpg,"facts,motivation,perspective"
Stop negotiating with 6 a.m.,"Decide the night before. The morning version of you is not to be trusted with anything important.

STILL HERE — 150 short reads that put your life in perspective. Free, works offline, no account.
https://fyosamu.github.io/still-here/",https://fyosamu.github.io/still-here/c/110.html,https://fyosamu.github.io/still-here/pins/110.jpg,"facts,motivation,perspective"
Boredom is a superpower,"Can't sit still anymore? Nobody can. The one person who still can is going to take all of it.

STILL HERE — 150 short reads that put your life in perspective. Free, works offline, no account.
https://fyosamu.github.io/still-here/",https://fyosamu.github.io/still-here/c/111.html,https://fyosamu.github.io/still-here/pins/111.jpg,"facts,motivation,perspective"
Do the boring thing unimpressively,"Not perfectly, not with a color-coded planner. Just done, badly, again tomorrow. That's the whole method.

STILL HERE — 150 short reads that put your life in perspective. Free, works offline, no account.
https://fyosamu.github.io/still-here/",https://fyosamu.github.io/still-here/c/112.html,https://fyosamu.github.io/still-here/pins/112.jpg,"facts,motivation,perspective"
You don't need a breakthrough,"You need four hundred unremarkable days in a row and the willingness to not be excited about most of them.

STILL HERE — 150 short reads that put your life in perspective. Free, works offline, no account.
https://fyosamu.github.io/still-here/",https://fyosamu.github.io/still-here/c/113.html,https://fyosamu.github.io/still-here/pins/113.jpg,"facts,motivation,perspective"
The work is the reward,"Not eventually, actually. The day you stop dreading it is the exact day it starts paying you back.

STILL HERE — 150 short reads that put your life in perspective. Free, works offline, no account.
https://fyosamu.github.io/still-here/",https://fyosamu.github.io/still-here/c/114.html,https://fyosamu.github.io/still-here/pins/114.jpg,"facts,motivation,perspective"
You're behind on a clock you invented,"There's no schedule. There's no deadline. There's just people who started and people who are still thinking about it.

STILL HERE — 150 short reads that put your life in perspective. Free, works offline, no account.
https://fyosamu.github.io/still-here/",https://fyosamu.github.io/still-here/c/115.html,https://fyosamu.github.io/still-here/pins/115.jpg,"facts,motivation,perspective"
Nobody's keeping score,"Which is both freeing and terrifying. Nobody will notice if you quit. That's exactly why you shouldn't.

STILL HERE — 150 short reads that put your life in perspective. Free, works offline, no account.
https://fyosamu.github.io/still-here/",https://fyosamu.github.io/still-here/c/116.html,https://fyosamu.github.io/still-here/pins/116.jpg,"facts,motivation,perspective"
Quitting is quiet,"Success makes noise. Failure just closes a tab one afternoon and nobody ever asks what happened there.

STILL HERE — 150 short reads that put your life in perspective. Free, works offline, no account.
https://fyosamu.github.io/still-here/",https://fyosamu.github.io/still-here/c/117.html,https://fyosamu.github.io/still-here/pins/117.jpg,"facts,motivation,perspective"
Make it stupidly easy to start,"Shoes by the door. Document already open. Remove the friction and you remove most of the argument.

STILL HERE — 150 short reads that put your life in perspective. Free, works offline, no account.
https://fyosamu.github.io/still-here/",https://fyosamu.github.io/still-here/c/118.html,https://fyosamu.github.io/still-here/pins/118.jpg,"facts,motivation,perspective"
Track it or it didn't happen,"One line a day. You'll hate the empty days far more than you hate the actual work.

STILL HERE — 150 short reads that put your life in perspective. Free, works offline, no account.
https://fyosamu.github.io/still-here/",https://fyosamu.github.io/still-here/c/119.html,https://fyosamu.github.io/still-here/pins/119.jpg,"facts,motivation,perspective"
Rest is part of the plan,"Not a betrayal of the plan. A machine that never stops isn't dedicated — it's just broken and hasn't told anyone.

STILL HERE — 150 short reads that put your life in perspective. Free, works offline, no account.
https://fyosamu.github.io/still-here/",https://fyosamu.github.io/still-here/c/120.html,https://fyosamu.github.io/still-here/pins/120.jpg,"facts,motivation,perspective"
Your mood is weather,"It passes whether you argue with it or not. Work through it and it becomes just a Tuesday that happened to rain.

STILL HERE — 150 short reads that put your life in perspective. Free, works offline, no account.
https://fyosamu.github.io/still-here/",https://fyosamu.github.io/still-here/c/121.html,https://fyosamu.github.io/still-here/pins/121.jpg,"facts,motivation,perspective"
Feel it and do it anyway,"That's not suppression, that's adulthood. The fear stays exactly where it is. You move regardless.

STILL HERE — 150 short reads that put your life in perspective. Free, works offline, no account.
https://fyosamu.github.io/still-here/",https://fyosamu.github.io/still-here/c/122.html,https://fyosamu.github.io/still-here/pins/122.jpg,"facts,motivation,perspective"
Five years from now is coming either way,"You'll arrive at it no matter what you do. Might as well have something to show for the trip.

STILL HERE — 150 short reads that put your life in perspective. Free, works offline, no account.
https://fyosamu.github.io/still-here/",https://fyosamu.github.io/still-here/c/123.html,https://fyosamu.github.io/still-here/pins/123.jpg,"facts,motivation,perspective"
The you of next year is watching,"Not mystically. Just practically — they're either going to be grateful or annoyed, and you're the only one who picks which.

STILL HERE — 150 short reads that put your life in perspective. Free, works offline, no account.
https://fyosamu.github.io/still-here/",https://fyosamu.github.io/still-here/c/124.html,https://fyosamu.github.io/still-here/pins/124.jpg,"facts,motivation,perspective"
You're the only person who can,"Not the most talented, not the most connected. Just the only one with your exact access to right now.

STILL HERE — 150 short reads that put your life in perspective. Free, works offline, no account.
https://fyosamu.github.io/still-here/",https://fyosamu.github.io/still-here/c/125.html,https://fyosamu.github.io/still-here/pins/125.jpg,"facts,motivation,perspective"
Everyone's improvising,"Nobody has it figured out. Some people are just better at performing that they do, and it's mostly just performance.

STILL HERE — 150 short reads that put your life in perspective. Free, works offline, no account.
https://fyosamu.github.io/still-here/",https://fyosamu.github.io/still-here/c/126.html,https://fyosamu.github.io/still-here/pins/126.jpg,"deep thoughts,philosophy,life lessons,overthinking,quotes about life,mindset"
"""Normal"" is the average of everyone's worst days","You're comparing your behind-the-scenes to a number that nobody ever agreed to in the first place.

STILL HERE — 150 short reads that put your life in perspective. Free, works offline, no account.
https://fyosamu.github.io/still-here/",https://fyosamu.github.io/still-here/c/127.html,https://fyosamu.github.io/still-here/pins/127.jpg,"deep thoughts,philosophy,life lessons,overthinking,quotes about life,mindset"
Time is the only thing you can't earn back,"You'll trade money for it every single time you're sick. Might be worth acting like you believe that.

STILL HERE — 150 short reads that put your life in perspective. Free, works offline, no account.
https://fyosamu.github.io/still-here/",https://fyosamu.github.io/still-here/c/128.html,https://fyosamu.github.io/still-here/pins/128.jpg,"deep thoughts,philosophy,life lessons,overthinking,quotes about life,mindset"
You've already survived your worst day,"Statistically, your record is 100%. Perfect. Nobody's beaten it yet.

STILL HERE — 150 short reads that put your life in perspective. Free, works offline, no account.
https://fyosamu.github.io/still-here/",https://fyosamu.github.io/still-here/c/129.html,https://fyosamu.github.io/still-here/pins/129.jpg,"deep thoughts,philosophy,life lessons,overthinking,quotes about life,mindset"
Most of what you're worried about won't happen,"The rest you'll handle, because you always have, with zero notice and no preparation whatsoever.

STILL HERE — 150 short reads that put your life in perspective. Free, works offline, no account.
https://fyosamu.github.io/still-here/",https://fyosamu.github.io/still-here/c/130.html,https://fyosamu.github.io/still-here/pins/130.jpg,"deep thoughts,philosophy,life lessons,overthinking,quotes about life,mindset"
You are not your best idea,"Or your worst one. You're the one standing there deciding which one gets built.

STILL HERE — 150 short reads that put your life in perspective. Free, works offline, no account.
https://fyosamu.github.io/still-here/",https://fyosamu.github.io/still-here/c/131.html,https://fyosamu.github.io/still-here/pins/131.jpg,"deep thoughts,philosophy,life lessons,overthinking,quotes about life,mindset"
Nobody thinks about you as much as you do,"Slightly freeing. Slightly insulting. Both are true at the same time and that's fine.

STILL HERE — 150 short reads that put your life in perspective. Free, works offline, no account.
https://fyosamu.github.io/still-here/",https://fyosamu.github.io/still-here/c/132.html,https://fyosamu.github.io/still-here/pins/132.jpg,"deep thoughts,philosophy,life lessons,overthinking,quotes about life,mindset"
The thing you're avoiding takes four minutes,"It's been four hours of avoiding it. That ratio is the entire problem, in one line.

STILL HERE — 150 short reads that put your life in perspective. Free, works offline, no account.
https://fyosamu.github.io/still-here/",https://fyosamu.github.io/still-here/c/133.html,https://fyosamu.github.io/still-here/pins/133.jpg,"deep thoughts,philosophy,life lessons,overthinking,quotes about life,mindset"
"""Someday"" is not a date","It's a rejection letter you wrote to yourself and never sent, so it doesn't even feel like one.

STILL HERE — 150 short reads that put your life in perspective. Free, works offline, no account.
https://fyosamu.github.io/still-here/",https://fyosamu.github.io/still-here/c/134.html,https://fyosamu.github.io/still-here/pins/134.jpg,"deep thoughts,philosophy,life lessons,overthinking,quotes about life,mindset"
You can start over,"Not from zero — you keep the skills and the scars — but you can absolutely start again.

STILL HERE — 150 short reads that put your life in perspective. Free, works offline, no account.
https://fyosamu.github.io/still-here/",https://fyosamu.github.io/still-here/c/135.html,https://fyosamu.github.io/still-here/pins/135.jpg,"deep thoughts,philosophy,life lessons,overthinking,quotes about life,mindset"
Kindness is free and rarely on sale,"Because nobody's marketing it. There's no campaign. Do it anyway, it's the cheapest thing that moves people.

STILL HERE — 150 short reads that put your life in perspective. Free, works offline, no account.
https://fyosamu.github.io/still-here/",https://fyosamu.github.io/still-here/c/136.html,https://fyosamu.github.io/still-here/pins/136.jpg,"deep thoughts,philosophy,life lessons,overthinking,quotes about life,mindset"
The people who annoy you most are running old code too,"Same as you, slightly different install date, fewer updates applied.

STILL HERE — 150 short reads that put your life in perspective. Free, works offline, no account.
https://fyosamu.github.io/still-here/",https://fyosamu.github.io/still-here/c/137.html,https://fyosamu.github.io/still-here/pins/137.jpg,"deep thoughts,philosophy,life lessons,overthinking,quotes about life,mindset"
You'll forget 90% of this week,"Which is either horrifying or an extremely generous feature, depending on the week you're having.

STILL HERE — 150 short reads that put your life in perspective. Free, works offline, no account.
https://fyosamu.github.io/still-here/",https://fyosamu.github.io/still-here/c/138.html,https://fyosamu.github.io/still-here/pins/138.jpg,"deep thoughts,philosophy,life lessons,overthinking,quotes about life,mindset"
A bad ten minutes isn't a bad life,"It's ten minutes. Your brain just turns the volume all the way up and calls it permanent.

STILL HERE — 150 short reads that put your life in perspective. Free, works offline, no account.
https://fyosamu.github.io/still-here/",https://fyosamu.github.io/still-here/c/139.html,https://fyosamu.github.io/still-here/pins/139.jpg,"deep thoughts,philosophy,life lessons,overthinking,quotes about life,mindset"
Money is a tool with terrible marketing,"Everyone thinks it's the destination. It's a hammer. Stop trying to eat the hammer.

STILL HERE — 150 short reads that put your life in perspective. Free, works offline, no account.
https://fyosamu.github.io/still-here/",https://fyosamu.github.io/still-here/c/140.html,https://fyosamu.github.io/still-here/pins/140.jpg,"deep thoughts,philosophy,life lessons,overthinking,quotes about life,mindset"
"You don't need more time, you need fewer tabs","In your browser and in your head, and honestly mostly in your head.

STILL HERE — 150 short reads that put your life in perspective. Free, works offline, no account.
https://fyosamu.github.io/still-here/",https://fyosamu.github.io/still-here/c/141.html,https://fyosamu.github.io/still-here/pins/141.jpg,"deep thoughts,philosophy,life lessons,overthinking,quotes about life,mindset"
The fastest way to feel better is to move,"Walk. Not a metaphor. Actually walk, ten minutes, outside. The chemistry does the rest of the job for you.

STILL HERE — 150 short reads that put your life in perspective. Free, works offline, no account.
https://fyosamu.github.io/still-here/",https://fyosamu.github.io/still-here/c/142.html,https://fyosamu.github.io/still-here/pins/142.jpg,"deep thoughts,philosophy,life lessons,overthinking,quotes about life,mindset"
Nobody claps for the things you didn't do,"Including you. Go do exactly one of them and see how the day changes.

STILL HERE — 150 short reads that put your life in perspective. Free, works offline, no account.
https://fyosamu.github.io/still-here/",https://fyosamu.github.io/still-here/c/143.html,https://fyosamu.github.io/still-here/pins/143.jpg,"deep thoughts,philosophy,life lessons,overthinking,quotes about life,mindset"
Your taste is better than your skills,"Good. That gap is where all of the interesting work lives, and it's the only sign you need that you're progressing.

STILL HERE — 150 short reads that put your life in perspective. Free, works offline, no account.
https://fyosamu.github.io/still-here/",https://fyosamu.github.io/still-here/c/144.html,https://fyosamu.github.io/still-here/pins/144.jpg,"deep thoughts,philosophy,life lessons,overthinking,quotes about life,mindset"
"Boring people are made, not born","They just stopped asking questions somewhere around thirty. Don't stop asking questions.

STILL HERE — 150 short reads that put your life in perspective. Free, works offline, no account.
https://fyosamu.github.io/still-here/",https://fyosamu.github.io/still-here/c/145.html,https://fyosamu.github.io/still-here/pins/145.jpg,"deep thoughts,philosophy,life lessons,overthinking,quotes about life,mindset"
You're allowed to outgrow people,"Not with drama, not with a speech. Just quietly, while walking in a slightly different direction.

STILL HERE — 150 short reads that put your life in perspective. Free, works offline, no account.
https://fyosamu.github.io/still-here/",https://fyosamu.github.io/still-here/c/146.html,https://fyosamu.github.io/still-here/pins/146.jpg,"deep thoughts,philosophy,life lessons,overthinking,quotes about life,mindset"
The phone will still be there,"It's been ninety minutes of scrolling and you'd genuinely struggle to name three things you saw in it.

STILL HERE — 150 short reads that put your life in perspective. Free, works offline, no account.
https://fyosamu.github.io/still-here/",https://fyosamu.github.io/still-here/c/147.html,https://fyosamu.github.io/still-here/pins/147.jpg,"deep thoughts,philosophy,life lessons,overthinking,quotes about life,mindset"
Say the thing,"To them, to yourself, out loud. Half of life is unspoken and all of it is heavy to carry around alone.

STILL HERE — 150 short reads that put your life in perspective. Free, works offline, no account.
https://fyosamu.github.io/still-here/",https://fyosamu.github.io/still-here/c/148.html,https://fyosamu.github.io/still-here/pins/148.jpg,"deep thoughts,philosophy,life lessons,overthinking,quotes about life,mindset"
One day this will be a memory with a weird smell,"And you'll wish you'd been a lot less tense about it while it was actually happening.

STILL HERE — 150 short reads that put your life in perspective. Free, works offline, no account.
https://fyosamu.github.io/still-here/",https://fyosamu.github.io/still-here/c/149.html,https://fyosamu.github.io/still-here/pins/149.jpg,"deep thoughts,philosophy,life lessons,overthinking,quotes about life,mindset"
You're doing better than the tapeworm,"Which, if you think about it for two seconds, was the bar all along.

STILL HERE — 150 short reads that put your life in perspective. Free, works offline, no account.
https://fyosamu.github.io/still-here/",https://fyosamu.github.io/still-here/c/150.html,https://fyosamu.github.io/still-here/pins/150.jpg,"deep thoughts,philosophy,life lessons,overthinking,quotes about life,mindset"
