"Day","Cards","Message","Chars"
"1","1 2 3 4 5","STILL HERE · day 1 · 5 short reads

📊 $30,000
https://fyosamu.github.io/still-here/c/1.html

📊 $120
https://fyosamu.github.io/still-here/c/2.html

📊 250 months
https://fyosamu.github.io/still-here/c/3.html

📊 But you do eat
https://fyosamu.github.io/still-here/c/4.html

📊 Half is already gone
https://fyosamu.github.io/still-here/c/5.html

All 150 are free, work offline and need no account:
https://fyosamu.github.io/still-here/","435"
"2","6 7 8 9 10","STILL HERE · day 2 · 5 short reads

📊 Fifty years
https://fyosamu.github.io/still-here/c/6.html

📊 That's not a savings plan
https://fyosamu.github.io/still-here/c/7.html

📊 ""Just work harder""
https://fyosamu.github.io/still-here/c/8.html

📊 The bazaar guy isn't lazy
https://fyosamu.github.io/still-here/c/9.html

📊 One hour of his life
https://fyosamu.github.io/still-here/c/10.html

All 150 are free, work offline and need no account:
https://fyosamu.github.io/still-here/","480"
"3","11 12 13 14 15","STILL HERE · day 3 · 5 short reads

📊 A meal costs four hours
https://fyosamu.github.io/still-here/c/11.html

📊 The teacher's month
https://fyosamu.github.io/still-here/c/12.html

📊 Rent eats the rest
https://fyosamu.github.io/still-here/c/13.html

📊 The car costs more than the apartment
https://fyosamu.github.io/still-here/c/14.html

📊 Inflation isn't a shock, it's weather
https://fyosamu.github.io/still-here/c/15.html

All 150 are free, work offline and need no account:
https://fyosamu.github.io/still-here/","519"
"4","16 17 18 19 20","STILL HERE · day 4 · 5 short reads

📊 Nobody plans to be poor here
https://fyosamu.github.io/still-here/c/16.html

📊 The word is ""squeezed""
https://fyosamu.github.io/still-here/c/17.html

📊 Two different realities
https://fyosamu.github.io/still-here/c/18.html

📊 ""Just move abroad""
https://fyosamu.github.io/still-here/c/19.html

📊 The ones who left worked three jobs
https://fyosamu.github.io/still-here/c/20.html

All 150 are free, work offline and need no account:
https://fyosamu.github.io/still-here/","511"
"5","21 22 23 24 25","STILL HERE · day 5 · 5 short reads

📊 A haircut is a decision now
https://fyosamu.github.io/still-here/c/21.html

📊 Nobody posts this part
https://fyosamu.github.io/still-here/c/22.html

📊 The cruelest bit: everyone knows
https://fyosamu.github.io/still-here/c/23.html

📊 This is not a complaint, it's division
https://fyosamu.github.io/still-here/c/24.html

📊 You're reading this from somewhere else
https://fyosamu.github.io/still-here/c/25.html

All 150 are free, work offline and need no account:
https://fyosamu.github.io/still-here/","543"
"6","26 27 28 29 30","STILL HERE · day 6 · 5 short reads

🧬 You started as one cell
https://fyosamu.github.io/still-here/c/26.html

🧬 Then it split
https://fyosamu.github.io/still-here/c/27.html

🧬 The instructions are a gene
https://fyosamu.github.io/still-here/c/28.html

🧬 Keep me. Copy me.
https://fyosamu.github.io/still-here/c/29.html

🧬 You're the strategy, not the strategist
https://fyosamu.github.io/still-here/c/30.html

All 150 are free, work offline and need no account:
https://fyosamu.github.io/still-here/","504"
"7","31 32 33 34 35","STILL HERE · day 7 · 5 short reads

🧬 Why you don't feel like a colony
https://fyosamu.github.io/still-here/c/31.html

🧬 You are literally a truce
https://fyosamu.github.io/still-here/c/32.html

🧬 ""Alone"" is a feeling, not a fact
https://fyosamu.github.io/still-here/c/33.html

🧬 The biology version of not alone
https://fyosamu.github.io/still-here/c/34.html

🧬 Replication isn't romantic
https://fyosamu.github.io/still-here/c/35.html

All 150 are free, work offline and need no account:
https://fyosamu.github.io/still-here/","532"
"8","36 37 38 39 40","STILL HERE · day 8 · 5 short reads

🧬 Survivorship, that's all
https://fyosamu.github.io/still-here/c/36.html

🧬 So why does it feel like meaning?
https://fyosamu.github.io/still-here/c/37.html

🧬 Anger is a price tag
https://fyosamu.github.io/still-here/c/38.html

🧬 Jealousy is a spreadsheet entry
https://fyosamu.github.io/still-here/c/39.html

🧬 Fear is maintenance
https://fyosamu.github.io/still-here/c/40.html

All 150 are free, work offline and need no account:
https://fyosamu.github.io/still-here/","512"
"9","41 42 43 44 45","STILL HERE · day 9 · 5 short reads

🧬 You never chose your first preference
https://fyosamu.github.io/still-here/c/41.html

🧬 Even your opinions have a boss
https://fyosamu.github.io/still-here/c/42.html

🧬 This doesn't make you a robot
https://fyosamu.github.io/still-here/c/43.html

🧬 That's actually the upgrade
https://fyosamu.github.io/still-here/c/44.html

🧬 The line nobody drew
https://fyosamu.github.io/still-here/c/45.html

All 150 are free, work offline and need no account:
https://fyosamu.github.io/still-here/","528"
"10","46 47 48 49 50","STILL HERE · day 10 · 5 short reads

🧬 What you are now is the receipt
https://fyosamu.github.io/still-here/c/46.html

🧬 A running total
https://fyosamu.github.io/still-here/c/47.html

🧬 The chain doesn't care about your bad day
https://fyosamu.github.io/still-here/c/48.html

🧬 Blame the gene, then get up
https://fyosamu.github.io/still-here/c/49.html

🧬 3.8 billion years landed on you opening this card
https://fyosamu.github.io/still-here/c/50.html

All 150 are free, work offline and need no account:
https://fyosamu.github.io/still-here/","549"
"11","51 52 53 54 55","STILL HERE · day 11 · 5 short reads

✨ Infinite people never got here
https://fyosamu.github.io/still-here/c/51.html

✨ And infinite more won't
https://fyosamu.github.io/still-here/c/52.html

✨ The seat was almost not yours
https://fyosamu.github.io/still-here/c/53.html

✨ You're alive right now
https://fyosamu.github.io/still-here/c/54.html

✨ The universe is 13.8 billion years old
https://fyosamu.github.io/still-here/c/55.html

All 150 are free, work offline and need no account:
https://fyosamu.github.io/still-here/","523"
"12","56 57 58 59 60","STILL HERE · day 12 · 5 short reads

✨ You can taste things
https://fyosamu.github.io/still-here/c/56.html

✨ You can get bored
https://fyosamu.github.io/still-here/c/57.html

✨ You can miss people
https://fyosamu.github.io/still-here/c/58.html

✨ Someone laughed at something you said once
https://fyosamu.github.io/still-here/c/59.html

✨ The weather is free
https://fyosamu.github.io/still-here/c/60.html

All 150 are free, work offline and need no account:
https://fyosamu.github.io/still-here/","498"
"13","61 62 63 64 65","STILL HERE · day 13 · 5 short reads

✨ You have a tomorrow
https://fyosamu.github.io/still-here/c/61.html

✨ You can change your mind
https://fyosamu.github.io/still-here/c/62.html

✨ Someone from 500 years ago would call you a god
https://fyosamu.github.io/still-here/c/63.html

✨ You're bored of miracles
https://fyosamu.github.io/still-here/c/64.html

✨ You can choose what to think about next
https://fyosamu.github.io/still-here/c/65.html

All 150 are free, work offline and need no account:
https://fyosamu.github.io/still-here/","534"
"14","66 67 68 69 70","STILL HERE · day 14 · 5 short reads

✨ You're not starving while reading this
https://fyosamu.github.io/still-here/c/66.html

✨ You have access to every book ever written
https://fyosamu.github.io/still-here/c/67.html

✨ That's still your right
https://fyosamu.github.io/still-here/c/68.html

✨ You can be kind on purpose
https://fyosamu.github.io/still-here/c/69.html

✨ You can forgive a gene
https://fyosamu.github.io/still-here/c/70.html

All 150 are free, work offline and need no account:
https://fyosamu.github.io/still-here/","532"
"15","71 72 73 74 75","STILL HERE · day 15 · 5 short reads

✨ The people after you aren't born yet
https://fyosamu.github.io/still-here/c/71.html

✨ Someone before you gave up something for you
https://fyosamu.github.io/still-here/c/72.html

✨ It cost 13.8 billion years to get you here
https://fyosamu.github.io/still-here/c/73.html

✨ Nobody's handing out medals for existing
https://fyosamu.github.io/still-here/c/74.html

✨ So what are you doing with it?
https://fyosamu.github.io/still-here/c/75.html

All 150 are free, work offline and need no account:
https://fyosamu.github.io/still-here/","573"
"16","76 77 78 79 80","STILL HERE · day 16 · 5 short reads

🦧 The tapeworm
https://fyosamu.github.io/still-here/c/76.html

🦧 That's the bar
https://fyosamu.github.io/still-here/c/77.html

🦧 It has no idea it exists
https://fyosamu.github.io/still-here/c/78.html

🦧 Nobody wrote a poem about a tapeworm
https://fyosamu.github.io/still-here/c/79.html

🦧 Its whole life is someone else's lunch
https://fyosamu.github.io/still-here/c/80.html

All 150 are free, work offline and need no account:
https://fyosamu.github.io/still-here/","510"
"17","81 82 83 84 85","STILL HERE · day 17 · 5 short reads

🦧 Survival with zero enjoyment
https://fyosamu.github.io/still-here/c/81.html

🦧 And it's still winning
https://fyosamu.github.io/still-here/c/82.html

🦧 Now the parasitic wasp
https://fyosamu.github.io/still-here/c/83.html

🦧 That's a Tuesday for it
https://fyosamu.github.io/still-here/c/84.html

🦧 The botfly larva
https://fyosamu.github.io/still-here/c/85.html

All 150 are free, work offline and need no account:
https://fyosamu.github.io/still-here/","497"
"18","86 87 88 89 90","STILL HERE · day 18 · 5 short reads

🦧 The male anglerfish
https://fyosamu.github.io/still-here/c/86.html

🦧 Koala fingerprints
https://fyosamu.github.io/still-here/c/87.html

🦧 Your cat would eat you if you stopped moving
https://fyosamu.github.io/still-here/c/88.html

🦧 The point isn't ""it's worse out there""
https://fyosamu.github.io/still-here/c/89.html

🦧 You can be sad. They can't even get that far.
https://fyosamu.github.io/still-here/c/90.html

All 150 are free, work offline and need no account:
https://fyosamu.github.io/still-here/","550"
"19","91 92 93 94 95","STILL HERE · day 19 · 5 short reads

🦧 Being miserable is an upgrade
https://fyosamu.github.io/still-here/c/91.html

🦧 A rock isn't depressed
https://fyosamu.github.io/still-here/c/92.html

🦧 The tapeworm can't have a bad day
https://fyosamu.github.io/still-here/c/93.html

🦧 You get both
https://fyosamu.github.io/still-here/c/94.html

🦧 Nobody has ever envied a jellyfish
https://fyosamu.github.io/still-here/c/95.html

All 150 are free, work offline and need no account:
https://fyosamu.github.io/still-here/","516"
"20","96 97 98 99 100","STILL HERE · day 20 · 5 short reads

🦧 Consider the sponge
https://fyosamu.github.io/still-here/c/96.html

🦧 Glad you're not that?
https://fyosamu.github.io/still-here/c/97.html

🦧 Every alternative on the table is worse
https://fyosamu.github.io/still-here/c/98.html

🦧 You drew the only hand that can complain about the hand
https://fyosamu.github.io/still-here/c/99.html

🦧 So no, you don't want to be a tapeworm
https://fyosamu.github.io/still-here/c/100.html

All 150 are free, work offline and need no account:
https://fyosamu.github.io/still-here/","559"
"21","101 102 103 104 105","STILL HERE · day 21 · 5 short reads

🚀 The gene doesn't care how you feel
https://fyosamu.github.io/still-here/c/101.html

🚀 Motivation is a guest, not a tenant
https://fyosamu.github.io/still-here/c/102.html

🚀 Start embarrassingly small
https://fyosamu.github.io/still-here/c/103.html

🚀 Nobody's coming
https://fyosamu.github.io/still-here/c/104.html

🚀 The discomfort is the whole product
https://fyosamu.github.io/still-here/c/105.html

All 150 are free, work offline and need no account:
https://fyosamu.github.io/still-here/","536"
"22","106 107 108 109 110","STILL HERE · day 22 · 5 short reads

🚀 You're allowed to be bad at it
https://fyosamu.github.io/still-here/c/106.html

🚀 Discipline beats feelings
https://fyosamu.github.io/still-here/c/107.html

🚀 Your ancestors survived worse with less
https://fyosamu.github.io/still-here/c/108.html

🚀 Comparison is a rigged game
https://fyosamu.github.io/still-here/c/109.html

🚀 Stop negotiating with 6 a.m.
https://fyosamu.github.io/still-here/c/110.html

All 150 are free, work offline and need no account:
https://fyosamu.github.io/still-here/","540"
"23","111 112 113 114 115","STILL HERE · day 23 · 5 short reads

🚀 Boredom is a superpower
https://fyosamu.github.io/still-here/c/111.html

🚀 Do the boring thing unimpressively
https://fyosamu.github.io/still-here/c/112.html

🚀 You don't need a breakthrough
https://fyosamu.github.io/still-here/c/113.html

🚀 The work is the reward
https://fyosamu.github.io/still-here/c/114.html

🚀 You're behind on a clock you invented
https://fyosamu.github.io/still-here/c/115.html

All 150 are free, work offline and need no account:
https://fyosamu.github.io/still-here/","536"
"24","116 117 118 119 120","STILL HERE · day 24 · 5 short reads

🚀 Nobody's keeping score
https://fyosamu.github.io/still-here/c/116.html

🚀 Quitting is quiet
https://fyosamu.github.io/still-here/c/117.html

🚀 Make it stupidly easy to start
https://fyosamu.github.io/still-here/c/118.html

🚀 Track it or it didn't happen
https://fyosamu.github.io/still-here/c/119.html

🚀 Rest is part of the plan
https://fyosamu.github.io/still-here/c/120.html

All 150 are free, work offline and need no account:
https://fyosamu.github.io/still-here/","512"
"25","121 122 123 124 125","STILL HERE · day 25 · 5 short reads

🚀 Your mood is weather
https://fyosamu.github.io/still-here/c/121.html

🚀 Feel it and do it anyway
https://fyosamu.github.io/still-here/c/122.html

🚀 Five years from now is coming either way
https://fyosamu.github.io/still-here/c/123.html

🚀 The you of next year is watching
https://fyosamu.github.io/still-here/c/124.html

🚀 You're the only person who can
https://fyosamu.github.io/still-here/c/125.html

All 150 are free, work offline and need no account:
https://fyosamu.github.io/still-here/","537"
"26","126 127 128 129 130","STILL HERE · day 26 · 5 short reads

💡 Everyone's improvising
https://fyosamu.github.io/still-here/c/126.html

💡 ""Normal"" is the average of everyone's worst days
https://fyosamu.github.io/still-here/c/127.html

💡 Time is the only thing you can't earn back
https://fyosamu.github.io/still-here/c/128.html

💡 You've already survived your worst day
https://fyosamu.github.io/still-here/c/129.html

💡 Most of what you're worried about won't happen
https://fyosamu.github.io/still-here/c/130.html

All 150 are free, work offline and need no account:
https://fyosamu.github.io/still-here/","587"
"27","131 132 133 134 135","STILL HERE · day 27 · 5 short reads

💡 You are not your best idea
https://fyosamu.github.io/still-here/c/131.html

💡 Nobody thinks about you as much as you do
https://fyosamu.github.io/still-here/c/132.html

💡 The thing you're avoiding takes four minutes
https://fyosamu.github.io/still-here/c/133.html

💡 ""Someday"" is not a date
https://fyosamu.github.io/still-here/c/134.html

💡 You can start over
https://fyosamu.github.io/still-here/c/135.html

All 150 are free, work offline and need no account:
https://fyosamu.github.io/still-here/","543"
"28","136 137 138 139 140","STILL HERE · day 28 · 5 short reads

💡 Kindness is free and rarely on sale
https://fyosamu.github.io/still-here/c/136.html

💡 The people who annoy you most are running old code too
https://fyosamu.github.io/still-here/c/137.html

💡 You'll forget 90% of this week
https://fyosamu.github.io/still-here/c/138.html

💡 A bad ten minutes isn't a bad life
https://fyosamu.github.io/still-here/c/139.html

💡 Money is a tool with terrible marketing
https://fyosamu.github.io/still-here/c/140.html

All 150 are free, work offline and need no account:
https://fyosamu.github.io/still-here/","583"
"29","141 142 143 144 145","STILL HERE · day 29 · 5 short reads

💡 You don't need more time, you need fewer tabs
https://fyosamu.github.io/still-here/c/141.html

💡 The fastest way to feel better is to move
https://fyosamu.github.io/still-here/c/142.html

💡 Nobody claps for the things you didn't do
https://fyosamu.github.io/still-here/c/143.html

💡 Your taste is better than your skills
https://fyosamu.github.io/still-here/c/144.html

💡 Boring people are made, not born
https://fyosamu.github.io/still-here/c/145.html

All 150 are free, work offline and need no account:
https://fyosamu.github.io/still-here/","587"
"30","146 147 148 149 150","STILL HERE · day 30 · 5 short reads

💡 You're allowed to outgrow people
https://fyosamu.github.io/still-here/c/146.html

💡 The phone will still be there
https://fyosamu.github.io/still-here/c/147.html

💡 Say the thing
https://fyosamu.github.io/still-here/c/148.html

💡 One day this will be a memory with a weird smell
https://fyosamu.github.io/still-here/c/149.html

💡 You're doing better than the tapeworm
https://fyosamu.github.io/still-here/c/150.html

All 150 are free, work offline and need no account:
https://fyosamu.github.io/still-here/","550"
