"Number","Category","Title","Post","Chars","Link"
"1","numbers","$30,000","$30,000

That's the number.

STILL HERE — 150 short reads, free, no account.

https://fyosamu.github.io/still-here/c/1.html

#costofliving #stillhere","127","https://fyosamu.github.io/still-here/c/1.html"
"2","numbers","$120","$120

That's what a shop clerk takes home in a month.

STILL HERE — 150 short reads, free, no account.

https://fyosamu.github.io/still-here/c/2.html

#costofliving #stillhere","153","https://fyosamu.github.io/still-here/c/2.html"
"3","numbers","250 months","250 months

Divide them.

STILL HERE — 150 short reads, free, no account.

https://fyosamu.github.io/still-here/c/3.html

#costofliving #stillhere","124","https://fyosamu.github.io/still-here/c/3.html"
"4","numbers","But you do eat","But you do eat

Which is the part everyone forgets when they do this math on paper with a nice round number and a smile.

STILL HERE — 150 short reads, free, no account.

https://fyosamu.github.io/still-here/c/4.html

#costofliving #stillhere","220","https://fyosamu.github.io/still-here/c/4.html"
"5","numbers","Half is already gone","Half is already gone

Take away food, bus fare, and the phone bill, and you're maybe setting aside $50 a month.

STILL HERE — 150 short reads, free, no account.

https://fyosamu.github.io/still-here/c/5.html

#costofliving #stillhere","211","https://fyosamu.github.io/still-here/c/5.html"
"6","numbers","Fifty years","Fifty years

Start at twenty, finish at seventy.

STILL HERE — 150 short reads, free, no account.

https://fyosamu.github.io/still-here/c/6.html

#costofliving #stillhere","148","https://fyosamu.github.io/still-here/c/6.html"
"7","numbers","That's not a savings plan","That's not a savings plan

That's a life sentence with a balcony.

STILL HERE — 150 short reads, free, no account.

https://fyosamu.github.io/still-here/c/7.html

#costofliving #stillhere","165","https://fyosamu.github.io/still-here/c/7.html"
"8","numbers","""Just work harder""","""Just work harder""

Sure. Except there's a ceiling on how many hours a body can be awake, and the math doesn't care how motivated you are about it.

STILL HERE — 150 short reads, free, no account.

https://fyosamu.github.io/still-here/c/8.html

#costofliving #stillhere","247","https://fyosamu.github.io/still-here/c/8.html"
"9","numbers","The bazaar guy isn't lazy","The bazaar guy isn't lazy

He opens at seven, closes at nine, six days a week.

STILL HERE — 150 short reads, free, no account.

https://fyosamu.github.io/still-here/c/9.html

#costofliving #stillhere","178","https://fyosamu.github.io/still-here/c/9.html"
"10","numbers","One hour of his life","One hour of his life

$120 across roughly 200 working hours comes out to about sixty cents an hour.

STILL HERE — 150 short reads, free, no account.

https://fyosamu.github.io/still-here/c/10.html

#costofliving #stillhere","199","https://fyosamu.github.io/still-here/c/10.html"
"11","numbers","A meal costs four hours","A meal costs four hours

Call it three dollars for something basic on the street.

STILL HERE — 150 short reads, free, no account.

https://fyosamu.github.io/still-here/c/11.html

#costofliving #stillhere","181","https://fyosamu.github.io/still-here/c/11.html"
"12","numbers","The teacher's month","The teacher's month

Often less than $120.

STILL HERE — 150 short reads, free, no account.

https://fyosamu.github.io/still-here/c/12.html

#costofliving #stillhere","142","https://fyosamu.github.io/still-here/c/12.html"
"13","numbers","Rent eats the rest","Rent eats the rest

Not everyone even gets to start saving.

STILL HERE — 150 short reads, free, no account.

https://fyosamu.github.io/still-here/c/13.html

#costofliving #stillhere","159","https://fyosamu.github.io/still-here/c/13.html"
"14","numbers","The car costs more than the apartment","The car costs more than the apartment

Read that a second time.

STILL HERE — 150 short reads, free, no account.

https://fyosamu.github.io/still-here/c/14.html

#costofliving #stillhere","163","https://fyosamu.github.io/still-here/c/14.html"
"15","numbers","Inflation isn't a shock, it's weather","Inflation isn't a shock, it's weather

Prices don't jump once.

STILL HERE — 150 short reads, free, no account.

https://fyosamu.github.io/still-here/c/15.html

#costofliving #stillhere","162","https://fyosamu.github.io/still-here/c/15.html"
"16","numbers","Nobody plans to be poor here","Nobody plans to be poor here

They plan. They budget. They skip the fruit. And the plan still breaks, every single month, in the same place.

STILL HERE — 150 short reads, free, no account.

https://fyosamu.github.io/still-here/c/16.html

#costofliving #stillhere","240","https://fyosamu.github.io/still-here/c/16.html"
"17","numbers","The word is ""squeezed""","The word is ""squeezed""

Not crashed.

STILL HERE — 150 short reads, free, no account.

https://fyosamu.github.io/still-here/c/17.html

#costofliving #stillhere","136","https://fyosamu.github.io/still-here/c/17.html"
"18","numbers","Two different realities","Two different realities

The number in your account says fine.

STILL HERE — 150 short reads, free, no account.

https://fyosamu.github.io/still-here/c/18.html

#costofliving #stillhere","162","https://fyosamu.github.io/still-here/c/18.html"
"19","numbers","""Just move abroad""","""Just move abroad""

It costs money to leave.

STILL HERE — 150 short reads, free, no account.

https://fyosamu.github.io/still-here/c/19.html

#costofliving #stillhere","144","https://fyosamu.github.io/still-here/c/19.html"
"20","numbers","The ones who left worked three jobs","The ones who left worked three jobs

Not because they're smarter.

STILL HERE — 150 short reads, free, no account.

https://fyosamu.github.io/still-here/c/20.html

#costofliving #stillhere","165","https://fyosamu.github.io/still-here/c/20.html"
"21","numbers","A haircut is a decision now","A haircut is a decision now

Not a big one.

STILL HERE — 150 short reads, free, no account.

https://fyosamu.github.io/still-here/c/21.html

#costofliving #stillhere","143","https://fyosamu.github.io/still-here/c/21.html"
"22","numbers","Nobody posts this part","Nobody posts this part

Instagram shows the trip up north.

STILL HERE — 150 short reads, free, no account.

https://fyosamu.github.io/still-here/c/22.html

#costofliving #stillhere","158","https://fyosamu.github.io/still-here/c/22.html"
"23","numbers","The cruelest bit: everyone knows","The cruelest bit: everyone knows

There's no illusion left.

STILL HERE — 150 short reads, free, no account.

https://fyosamu.github.io/still-here/c/23.html

#costofliving #stillhere","159","https://fyosamu.github.io/still-here/c/23.html"
"24","numbers","This is not a complaint, it's division","This is not a complaint, it's division

Two numbers were handed over: thirty thousand, and one-twenty.

STILL HERE — 150 short reads, free, no account.

https://fyosamu.github.io/still-here/c/24.html

#costofliving #stillhere","202","https://fyosamu.github.io/still-here/c/24.html"
"25","numbers","You're reading this from somewhere else","You're reading this from somewhere else

Which means for once, you're standing outside this particular math.

STILL HERE — 150 short reads, free, no account.

https://fyosamu.github.io/still-here/c/25.html

#costofliving #stillhere","208","https://fyosamu.github.io/still-here/c/25.html"
"26","biology","You started as one cell","You started as one cell

Not a person.

STILL HERE — 150 short reads, free, no account.

https://fyosamu.github.io/still-here/c/26.html

#sciencefacts #stillhere","138","https://fyosamu.github.io/still-here/c/26.html"
"27","biology","Then it split","Then it split

Two. And the entire game changed, because two cells have to coordinate, and coordination needs instructions.

STILL HERE — 150 short reads, free, no account.

https://fyosamu.github.io/still-here/c/27.html

#sciencefacts #stillhere","223","https://fyosamu.github.io/still-here/c/27.html"
"28","biology","The instructions are a gene","The instructions are a gene

Not a personality.

STILL HERE — 150 short reads, free, no account.

https://fyosamu.github.io/still-here/c/28.html

#sciencefacts #stillhere","147","https://fyosamu.github.io/still-here/c/28.html"
"29","biology","Keep me. Copy me.","Keep me. Copy me.

That's the whole brief.

STILL HERE — 150 short reads, free, no account.

https://fyosamu.github.io/still-here/c/29.html

#sciencefacts #stillhere","142","https://fyosamu.github.io/still-here/c/29.html"
"30","biology","You're the strategy, not the strategist","You're the strategy, not the strategist

You didn't decide to want things.

STILL HERE — 150 short reads, free, no account.

https://fyosamu.github.io/still-here/c/30.html

#sciencefacts #stillhere","174","https://fyosamu.github.io/still-here/c/30.html"
"31","biology","Why you don't feel like a colony","Why you don't feel like a colony

Because the coordination is invisible.

STILL HERE — 150 short reads, free, no account.

https://fyosamu.github.io/still-here/c/31.html

#sciencefacts #stillhere","172","https://fyosamu.github.io/still-here/c/31.html"
"32","biology","You are literally a truce","You are literally a truce

Your body is a ceasefire between cells that all want slightly different things.

STILL HERE — 150 short reads, free, no account.

https://fyosamu.github.io/still-here/c/32.html

#sciencefacts #stillhere","206","https://fyosamu.github.io/still-here/c/32.html"
"33","biology","""Alone"" is a feeling, not a fact","""Alone"" is a feeling, not a fact

Nothing in you is solitary.

STILL HERE — 150 short reads, free, no account.

https://fyosamu.github.io/still-here/c/33.html

#sciencefacts #stillhere","161","https://fyosamu.github.io/still-here/c/33.html"
"34","biology","The biology version of not alone","The biology version of not alone

Every cell in you is running the same deal, struck 3.

STILL HERE — 150 short reads, free, no account.

https://fyosamu.github.io/still-here/c/34.html

#sciencefacts #stillhere","187","https://fyosamu.github.io/still-here/c/34.html"
"35","biology","Replication isn't romantic","Replication isn't romantic

It isn't about legacy or meaning.

STILL HERE — 150 short reads, free, no account.

https://fyosamu.github.io/still-here/c/35.html

#sciencefacts #stillhere","161","https://fyosamu.github.io/still-here/c/35.html"
"36","biology","Survivorship, that's all","Survivorship, that's all

You're not the best design.

STILL HERE — 150 short reads, free, no account.

https://fyosamu.github.io/still-here/c/36.html

#sciencefacts #stillhere","153","https://fyosamu.github.io/still-here/c/36.html"
"37","biology","So why does it feel like meaning?","So why does it feel like meaning?

Because a pattern that doesn't protect itself stops existing.

STILL HERE — 150 short reads, free, no account.

https://fyosamu.github.io/still-here/c/37.html

#sciencefacts #stillhere","196","https://fyosamu.github.io/still-here/c/37.html"
"38","biology","Anger is a price tag","Anger is a price tag

When you rage at being cut off in traffic, that's your brain slapping a value on something and screaming THIS MATTERS.

STILL HERE — 150 short reads, free, no account.

https://fyosamu.github.io/still-here/c/38.html

#sciencefacts #stillhere","240","https://fyosamu.github.io/still-here/c/38.html"
"39","biology","Jealousy is a spreadsheet entry","Jealousy is a spreadsheet entry

Your code logged ""resources held by others = threat to my copy.

STILL HERE — 150 short reads, free, no account.

https://fyosamu.github.io/still-here/c/39.html

#sciencefacts #stillhere","196","https://fyosamu.github.io/still-here/c/39.html"
"40","biology","Fear is maintenance","Fear is maintenance

The thing keeping you alive never asked your permission and has no interest in whether you find it exhausting.

STILL HERE — 150 short reads, free, no account.

https://fyosamu.github.io/still-here/c/40.html

#sciencefacts #stillhere","231","https://fyosamu.github.io/still-here/c/40.html"
"41","biology","You never chose your first preference","You never chose your first preference

You showed up already preferring sugar over dirt, warm over cold, safe over unsafe.

STILL HERE — 150 short reads, free, no account.

https://fyosamu.github.io/still-here/c/41.html

#sciencefacts #stillhere","222","https://fyosamu.github.io/still-here/c/41.html"
"42","biology","Even your opinions have a boss","Even your opinions have a boss

The things you're certain about feel like yours.

STILL HERE — 150 short reads, free, no account.

https://fyosamu.github.io/still-here/c/42.html

#sciencefacts #stillhere","180","https://fyosamu.github.io/still-here/c/42.html"
"43","biology","This doesn't make you a robot","This doesn't make you a robot

Knowing the wiring doesn't switch it off.

STILL HERE — 150 short reads, free, no account.

https://fyosamu.github.io/still-here/c/43.html

#sciencefacts #stillhere","172","https://fyosamu.github.io/still-here/c/43.html"
"44","biology","That's actually the upgrade","That's actually the upgrade

A cell can't overrule its drives.

STILL HERE — 150 short reads, free, no account.

https://fyosamu.github.io/still-here/c/44.html

#sciencefacts #stillhere","162","https://fyosamu.github.io/still-here/c/44.html"
"45","biology","The line nobody drew","The line nobody drew

Somewhere between one cell and a person who reads, the pattern learned to argue with itself.

STILL HERE — 150 short reads, free, no account.

https://fyosamu.github.io/still-here/c/45.html

#sciencefacts #stillhere","214","https://fyosamu.github.io/still-here/c/45.html"
"46","biology","What you are now is the receipt","What you are now is the receipt

Every ancestor who survived a winter, a drought, one bad decision — you're the final line item on a very long invoice.

STILL HERE — 150 short reads, free, no account.

https://fyosamu.github.io/still-here/c/46.html

#sciencefacts #stillhere","251","https://fyosamu.github.io/still-here/c/46.html"
"47","biology","A running total","A running total

Not a miracle.

STILL HERE — 150 short reads, free, no account.

https://fyosamu.github.io/still-here/c/47.html

#sciencefacts #stillhere","131","https://fyosamu.github.io/still-here/c/47.html"
"48","biology","The chain doesn't care about your bad day","The chain doesn't care about your bad day

It handed you a nervous system and moved on.

STILL HERE — 150 short reads, free, no account.

https://fyosamu.github.io/still-here/c/48.html

#sciencefacts #stillhere","187","https://fyosamu.github.io/still-here/c/48.html"
"49","biology","Blame the gene, then get up","Blame the gene, then get up

Knowing emotions are installed doesn't make them fake.

STILL HERE — 150 short reads, free, no account.

https://fyosamu.github.io/still-here/c/49.html

#sciencefacts #stillhere","183","https://fyosamu.github.io/still-here/c/49.html"
"50","biology","3.8 billion years landed on you opening this card","3.8 billion years landed on you opening this card

Statistically absurd.

STILL HERE — 150 short reads, free, no account.

https://fyosamu.github.io/still-here/c/50.html

#sciencefacts #stillhere","172","https://fyosamu.github.io/still-here/c/50.html"
"51","seat","Infinite people never got here","Infinite people never got here

Every line that ended, every person who never reproduced, every road that just stopped.

STILL HERE — 150 short reads, free, no account.

https://fyosamu.github.io/still-here/c/51.html

#gratitude #stillhere","216","https://fyosamu.github.io/still-here/c/51.html"
"52","seat","And infinite more won't","And infinite more won't

People who'll never be born because of a choice made in the next five minutes.

STILL HERE — 150 short reads, free, no account.

https://fyosamu.github.io/still-here/c/52.html

#gratitude #stillhere","200","https://fyosamu.github.io/still-here/c/52.html"
"53","seat","The seat was almost not yours","The seat was almost not yours

One different decision by one ancestor and you're a different person, or no person at all.

STILL HERE — 150 short reads, free, no account.

https://fyosamu.github.io/still-here/c/53.html

#gratitude #stillhere","218","https://fyosamu.github.io/still-here/c/53.html"
"54","seat","You're alive right now","You're alive right now

Not in a postcard way.

STILL HERE — 150 short reads, free, no account.

https://fyosamu.github.io/still-here/c/54.html

#gratitude #stillhere","143","https://fyosamu.github.io/still-here/c/54.html"
"55","seat","The universe is 13.8 billion years old","The universe is 13.8 billion years old

It waited that long to build something that could look back at it.

STILL HERE — 150 short reads, free, no account.

https://fyosamu.github.io/still-here/c/55.html

#gratitude #stillhere","203","https://fyosamu.github.io/still-here/c/55.html"
"56","seat","You can taste things","You can taste things

A structure made of stardust figured out how to detect sugar.

STILL HERE — 150 short reads, free, no account.

https://fyosamu.github.io/still-here/c/56.html

#gratitude #stillhere","180","https://fyosamu.github.io/still-here/c/56.html"
"57","seat","You can get bored","You can get bored

Complaining about boredom is a luxury problem.

STILL HERE — 150 short reads, free, no account.

https://fyosamu.github.io/still-here/c/57.html

#gratitude #stillhere","162","https://fyosamu.github.io/still-here/c/57.html"
"58","seat","You can miss people","You can miss people

Missing requires memory, which requires a brain that bothered to store something.

STILL HERE — 150 short reads, free, no account.

https://fyosamu.github.io/still-here/c/58.html

#gratitude #stillhere","199","https://fyosamu.github.io/still-here/c/58.html"
"59","seat","Someone laughed at something you said once","Someone laughed at something you said once

You probably don't remember it.

STILL HERE — 150 short reads, free, no account.

https://fyosamu.github.io/still-here/c/59.html

#gratitude #stillhere","172","https://fyosamu.github.io/still-here/c/59.html"
"60","seat","The weather is free","The weather is free

Not money-free.

STILL HERE — 150 short reads, free, no account.

https://fyosamu.github.io/still-here/c/60.html

#gratitude #stillhere","133","https://fyosamu.github.io/still-here/c/60.html"
"61","seat","You have a tomorrow","You have a tomorrow

Not guaranteed, but scheduled.

STILL HERE — 150 short reads, free, no account.

https://fyosamu.github.io/still-here/c/61.html

#gratitude #stillhere","148","https://fyosamu.github.io/still-here/c/61.html"
"62","seat","You can change your mind","You can change your mind

Genuinely. A single cell can't. A rock can't. You can read one card and walk away different than you arrived.

STILL HERE — 150 short reads, free, no account.

https://fyosamu.github.io/still-here/c/62.html

#gratitude #stillhere","232","https://fyosamu.github.io/still-here/c/62.html"
"63","seat","Someone from 500 years ago would call you a god","Someone from 500 years ago would call you a god

Running water, a light you switch on with your finger, food from three continents.

STILL HERE — 150 short reads, free, no account.

https://fyosamu.github.io/still-here/c/63.html

#gratitude #stillhere","228","https://fyosamu.github.io/still-here/c/63.html"
"64","seat","You're bored of miracles","You're bored of miracles

Let that land properly.

STILL HERE — 150 short reads, free, no account.

https://fyosamu.github.io/still-here/c/64.html

#gratitude #stillhere","146","https://fyosamu.github.io/still-here/c/64.html"
"65","seat","You can choose what to think about next","You can choose what to think about next

That wasn't always on.

STILL HERE — 150 short reads, free, no account.

https://fyosamu.github.io/still-here/c/65.html

#gratitude #stillhere","160","https://fyosamu.github.io/still-here/c/65.html"
"66","seat","You're not starving while reading this","You're not starving while reading this

If you are — eat first, come back.

STILL HERE — 150 short reads, free, no account.

https://fyosamu.github.io/still-here/c/66.html

#gratitude #stillhere","171","https://fyosamu.github.io/still-here/c/66.html"
"67","seat","You have access to every book ever written","You have access to every book ever written

In your pocket, for free.

STILL HERE — 150 short reads, free, no account.

https://fyosamu.github.io/still-here/c/67.html

#gratitude #stillhere","166","https://fyosamu.github.io/still-here/c/67.html"
"68","seat","That's still your right","That's still your right

Nobody has to earn the right to waste an afternoon.

STILL HERE — 150 short reads, free, no account.

https://fyosamu.github.io/still-here/c/68.html

#gratitude #stillhere","173","https://fyosamu.github.io/still-here/c/68.html"
"69","seat","You can be kind on purpose","You can be kind on purpose

Instinct gets you some of it.

STILL HERE — 150 short reads, free, no account.

https://fyosamu.github.io/still-here/c/69.html

#gratitude #stillhere","154","https://fyosamu.github.io/still-here/c/69.html"
"70","seat","You can forgive a gene","You can forgive a gene

Yours is running on very old code with a very short memory.

STILL HERE — 150 short reads, free, no account.

https://fyosamu.github.io/still-here/c/70.html

#gratitude #stillhere","180","https://fyosamu.github.io/still-here/c/70.html"
"71","seat","The people after you aren't born yet","The people after you aren't born yet

Someone in 2140 will exist because of something you do or don't do.

STILL HERE — 150 short reads, free, no account.

https://fyosamu.github.io/still-here/c/71.html

#gratitude #stillhere","202","https://fyosamu.github.io/still-here/c/71.html"
"72","seat","Someone before you gave up something for you","Someone before you gave up something for you

A name you'll never know stayed alive long enough for your line to continue.

STILL HERE — 150 short reads, free, no account.

https://fyosamu.github.io/still-here/c/72.html

#gratitude #stillhere","219","https://fyosamu.github.io/still-here/c/72.html"
"73","seat","It cost 13.8 billion years to get you here","It cost 13.8 billion years to get you here

That's the bill on the table.

STILL HERE — 150 short reads, free, no account.

https://fyosamu.github.io/still-here/c/73.html

#gratitude #stillhere","170","https://fyosamu.github.io/still-here/c/73.html"
"74","seat","Nobody's handing out medals for existing","Nobody's handing out medals for existing

Which is strange, because existing was genuinely the hard part.

STILL HERE — 150 short reads, free, no account.

https://fyosamu.github.io/still-here/c/74.html

#gratitude #stillhere","202","https://fyosamu.github.io/still-here/c/74.html"
"75","seat","So what are you doing with it?","So what are you doing with it?

Not a demand.

STILL HERE — 150 short reads, free, no account.

https://fyosamu.github.io/still-here/c/75.html

#gratitude #stillhere","142","https://fyosamu.github.io/still-here/c/75.html"
"76","tapeworm","The tapeworm","The tapeworm

No mouth. No stomach. No eyes. No brain. It lives in the dark inside another creature and absorbs whatever it's given. It's been doing this for 500 million years.

STILL HERE — 150 short reads, free, no account.

https://fyosamu.github.io/still-here/c/76.html

#natureisweird #stillhere","277","https://fyosamu.github.io/still-here/c/76.html"
"77","tapeworm","That's the bar","That's the bar

Half a billion years of what we'd call ""success,"" and it has never once gotten to see anything at all.

STILL HERE — 150 short reads, free, no account.

https://fyosamu.github.io/still-here/c/77.html

#natureisweird #stillhere","219","https://fyosamu.github.io/still-here/c/77.html"
"78","tapeworm","It has no idea it exists","It has no idea it exists

And honestly, neither do you most days.

STILL HERE — 150 short reads, free, no account.

https://fyosamu.github.io/still-here/c/78.html

#natureisweird #stillhere","166","https://fyosamu.github.io/still-here/c/78.html"
"79","tapeworm","Nobody wrote a poem about a tapeworm","Nobody wrote a poem about a tapeworm

And it wouldn't matter if they did.

STILL HERE — 150 short reads, free, no account.

https://fyosamu.github.io/still-here/c/79.html

#natureisweird #stillhere","174","https://fyosamu.github.io/still-here/c/79.html"
"80","tapeworm","Its whole life is someone else's lunch","Its whole life is someone else's lunch

It never picked a meal, a room, a name.

STILL HERE — 150 short reads, free, no account.

https://fyosamu.github.io/still-here/c/80.html

#natureisweird #stillhere","180","https://fyosamu.github.io/still-here/c/80.html"
"81","tapeworm","Survival with zero enjoyment","Survival with zero enjoyment

You say life is hard.

STILL HERE — 150 short reads, free, no account.

https://fyosamu.github.io/still-here/c/81.html

#natureisweird #stillhere","152","https://fyosamu.github.io/still-here/c/81.html"
"82","tapeworm","And it's still winning","And it's still winning

It outlived the dinosaurs.

STILL HERE — 150 short reads, free, no account.

https://fyosamu.github.io/still-here/c/82.html

#natureisweird #stillhere","151","https://fyosamu.github.io/still-here/c/82.html"
"83","tapeworm","Now the parasitic wasp","Now the parasitic wasp

It stings a caterpillar, paralyzes it, lays eggs inside, and the eggs hatch and eat the host from the inside out.

STILL HERE — 150 short reads, free, no account.

https://fyosamu.github.io/still-here/c/83.html

#natureisweird #stillhere","238","https://fyosamu.github.io/still-here/c/83.html"
"84","tapeworm","That's a Tuesday for it","That's a Tuesday for it

No villain.

STILL HERE — 150 short reads, free, no account.

https://fyosamu.github.io/still-here/c/84.html

#natureisweird #stillhere","137","https://fyosamu.github.io/still-here/c/84.html"
"85","tapeworm","The botfly larva","The botfly larva

Burrows into skin, eats its way around, comes out when it's finished.

STILL HERE — 150 short reads, free, no account.

https://fyosamu.github.io/still-here/c/85.html

#natureisweird #stillhere","188","https://fyosamu.github.io/still-here/c/85.html"
"86","tapeworm","The male anglerfish","The male anglerfish

He bites the female, fuses to her, dissolves, and becomes nothing but a pair of gonads.

STILL HERE — 150 short reads, free, no account.

https://fyosamu.github.io/still-here/c/86.html

#natureisweird #stillhere","209","https://fyosamu.github.io/still-here/c/86.html"
"87","tapeworm","Koala fingerprints","Koala fingerprints

Under a microscope they're indistinguishable from a human's.

STILL HERE — 150 short reads, free, no account.

https://fyosamu.github.io/still-here/c/87.html

#natureisweird #stillhere","181","https://fyosamu.github.io/still-here/c/87.html"
"88","tapeworm","Your cat would eat you if you stopped moving","Your cat would eat you if you stopped moving

Not out of malice.

STILL HERE — 150 short reads, free, no account.

https://fyosamu.github.io/still-here/c/88.html

#natureisweird #stillhere","165","https://fyosamu.github.io/still-here/c/88.html"
"89","tapeworm","The point isn't ""it's worse out there""","The point isn't ""it's worse out there""

The point is: you got the version with eyes, jokes, cold drinks, and the ability to be annoyed by all three.

STILL HERE — 150 short reads, free, no account.

https://fyosamu.github.io/still-here/c/89.html

#natureisweird #stillhere","249","https://fyosamu.github.io/still-here/c/89.html"
"90","tapeworm","You can be sad. They can't even get that far.","You can be sad. They can't even get that far.

Sadness requires a self to be sad about.

STILL HERE — 150 short reads, free, no account.

https://fyosamu.github.io/still-here/c/90.html

#natureisweird #stillhere","188","https://fyosamu.github.io/still-here/c/90.html"
"91","tapeworm","Being miserable is an upgrade","Being miserable is an upgrade

Read that again with a straight face.

STILL HERE — 150 short reads, free, no account.

https://fyosamu.github.io/still-here/c/91.html

#natureisweird #stillhere","169","https://fyosamu.github.io/still-here/c/91.html"
"92","tapeworm","A rock isn't depressed","A rock isn't depressed

It also isn't anything.

STILL HERE — 150 short reads, free, no account.

https://fyosamu.github.io/still-here/c/92.html

#natureisweird #stillhere","148","https://fyosamu.github.io/still-here/c/92.html"
"93","tapeworm","The tapeworm can't have a bad day","The tapeworm can't have a bad day

It also can't have a good one.

STILL HERE — 150 short reads, free, no account.

https://fyosamu.github.io/still-here/c/93.html

#natureisweird #stillhere","166","https://fyosamu.github.io/still-here/c/93.html"
"94","tapeworm","You get both","You get both

Good day, bad day, weird day, day you refuse to describe to anyone.

STILL HERE — 150 short reads, free, no account.

https://fyosamu.github.io/still-here/c/94.html

#natureisweird #stillhere","182","https://fyosamu.github.io/still-here/c/94.html"
"95","tapeworm","Nobody has ever envied a jellyfish","Nobody has ever envied a jellyfish

No brain, no heart, no blood.

STILL HERE — 150 short reads, free, no account.

https://fyosamu.github.io/still-here/c/95.html

#natureisweird #stillhere","166","https://fyosamu.github.io/still-here/c/95.html"
"96","tapeworm","Consider the sponge","Consider the sponge

It doesn't eat, think, move, or notice anything.

STILL HERE — 150 short reads, free, no account.

https://fyosamu.github.io/still-here/c/96.html

#natureisweird #stillhere","170","https://fyosamu.github.io/still-here/c/96.html"
"97","tapeworm","Glad you're not that?","Glad you're not that?

Then you already answered what you'd rather be instead.

STILL HERE — 150 short reads, free, no account.

https://fyosamu.github.io/still-here/c/97.html

#natureisweird #stillhere","179","https://fyosamu.github.io/still-here/c/97.html"
"98","tapeworm","Every alternative on the table is worse","Every alternative on the table is worse

That's not a reason to be smug.

STILL HERE — 150 short reads, free, no account.

https://fyosamu.github.io/still-here/c/98.html

#natureisweird #stillhere","173","https://fyosamu.github.io/still-here/c/98.html"
"99","tapeworm","You drew the only hand that can complain about the hand","You drew the only hand that can complain about the hand

Which is either the universe's best joke or its entire point, and nobody's confirming which.

STILL HERE — 150 short reads, free, no account.

https://fyosamu.github.io/still-here/c/99.html

#natureisweird #stillhere","250","https://fyosamu.github.io/still-here/c/99.html"
"100","tapeworm","So no, you don't want to be a tapeworm","So no, you don't want to be a tapeworm

Good. Now go act like somebody who knows exactly what they dodged.

STILL HERE — 150 short reads, free, no account.

https://fyosamu.github.io/still-here/c/100.html

#natureisweird #stillhere","207","https://fyosamu.github.io/still-here/c/100.html"
"101","nowgo","The gene doesn't care how you feel","The gene doesn't care how you feel

Good news. Neither should you, about the excuses you've been rehearsing.

STILL HERE — 150 short reads, free, no account.

https://fyosamu.github.io/still-here/c/101.html

#motivation #stillhere","206","https://fyosamu.github.io/still-here/c/101.html"
"102","nowgo","Motivation is a guest, not a tenant","Motivation is a guest, not a tenant

It'll visit sometimes.

STILL HERE — 150 short reads, free, no account.

https://fyosamu.github.io/still-here/c/102.html

#motivation #stillhere","157","https://fyosamu.github.io/still-here/c/102.html"
"103","nowgo","Start embarrassingly small","Start embarrassingly small

Two minutes.

STILL HERE — 150 short reads, free, no account.

https://fyosamu.github.io/still-here/c/103.html

#motivation #stillhere","138","https://fyosamu.github.io/still-here/c/103.html"
"104","nowgo","Nobody's coming","Nobody's coming

Not a mentor, not a moment, not a sign from the universe.

STILL HERE — 150 short reads, free, no account.

https://fyosamu.github.io/still-here/c/104.html

#motivation #stillhere","172","https://fyosamu.github.io/still-here/c/104.html"
"105","nowgo","The discomfort is the whole product","The discomfort is the whole product

Everything you want is sitting on the other side of something you don't want to do.

STILL HERE — 150 short reads, free, no account.

https://fyosamu.github.io/still-here/c/105.html

#motivation #stillhere","218","https://fyosamu.github.io/still-here/c/105.html"
"106","nowgo","You're allowed to be bad at it","You're allowed to be bad at it

For a while.

STILL HERE — 150 short reads, free, no account.

https://fyosamu.github.io/still-here/c/106.html

#motivation #stillhere","142","https://fyosamu.github.io/still-here/c/106.html"
"107","nowgo","Discipline beats feelings","Discipline beats feelings

Feelings change four times before lunch.

STILL HERE — 150 short reads, free, no account.

https://fyosamu.github.io/still-here/c/107.html

#motivation #stillhere","165","https://fyosamu.github.io/still-here/c/107.html"
"108","nowgo","Your ancestors survived worse with less","Your ancestors survived worse with less

A famine, a war, a winter with no heater.

STILL HERE — 150 short reads, free, no account.

https://fyosamu.github.io/still-here/c/108.html

#motivation #stillhere","180","https://fyosamu.github.io/still-here/c/108.html"
"109","nowgo","Comparison is a rigged game","Comparison is a rigged game

You're putting your chapter two next to their chapter twenty, using their highlight reel as the ruler.

STILL HERE — 150 short reads, free, no account.

https://fyosamu.github.io/still-here/c/109.html

#motivation #stillhere","229","https://fyosamu.github.io/still-here/c/109.html"
"110","nowgo","Stop negotiating with 6 a.m.","Stop negotiating with 6 a.m.

Decide the night before.

STILL HERE — 150 short reads, free, no account.

https://fyosamu.github.io/still-here/c/110.html

#motivation #stillhere","152","https://fyosamu.github.io/still-here/c/110.html"
"111","nowgo","Boredom is a superpower","Boredom is a superpower

Can't sit still anymore?

STILL HERE — 150 short reads, free, no account.

https://fyosamu.github.io/still-here/c/111.html

#motivation #stillhere","147","https://fyosamu.github.io/still-here/c/111.html"
"112","nowgo","Do the boring thing unimpressively","Do the boring thing unimpressively

Not perfectly, not with a color-coded planner.

STILL HERE — 150 short reads, free, no account.

https://fyosamu.github.io/still-here/c/112.html

#motivation #stillhere","180","https://fyosamu.github.io/still-here/c/112.html"
"113","nowgo","You don't need a breakthrough","You don't need a breakthrough

You need four hundred unremarkable days in a row and the willingness to not be excited about most of them.

STILL HERE — 150 short reads, free, no account.

https://fyosamu.github.io/still-here/c/113.html

#motivation #stillhere","235","https://fyosamu.github.io/still-here/c/113.html"
"114","nowgo","The work is the reward","The work is the reward

Not eventually, actually.

STILL HERE — 150 short reads, free, no account.

https://fyosamu.github.io/still-here/c/114.html

#motivation #stillhere","147","https://fyosamu.github.io/still-here/c/114.html"
"115","nowgo","You're behind on a clock you invented","You're behind on a clock you invented

There's no schedule.

STILL HERE — 150 short reads, free, no account.

https://fyosamu.github.io/still-here/c/115.html

#motivation #stillhere","157","https://fyosamu.github.io/still-here/c/115.html"
"116","nowgo","Nobody's keeping score","Nobody's keeping score

Which is both freeing and terrifying.

STILL HERE — 150 short reads, free, no account.

https://fyosamu.github.io/still-here/c/116.html

#motivation #stillhere","159","https://fyosamu.github.io/still-here/c/116.html"
"117","nowgo","Quitting is quiet","Quitting is quiet

Success makes noise.

STILL HERE — 150 short reads, free, no account.

https://fyosamu.github.io/still-here/c/117.html

#motivation #stillhere","137","https://fyosamu.github.io/still-here/c/117.html"
"118","nowgo","Make it stupidly easy to start","Make it stupidly easy to start

Shoes by the door.

STILL HERE — 150 short reads, free, no account.

https://fyosamu.github.io/still-here/c/118.html

#motivation #stillhere","148","https://fyosamu.github.io/still-here/c/118.html"
"119","nowgo","Track it or it didn't happen","Track it or it didn't happen

One line a day.

STILL HERE — 150 short reads, free, no account.

https://fyosamu.github.io/still-here/c/119.html

#motivation #stillhere","143","https://fyosamu.github.io/still-here/c/119.html"
"120","nowgo","Rest is part of the plan","Rest is part of the plan

Not a betrayal of the plan.

STILL HERE — 150 short reads, free, no account.

https://fyosamu.github.io/still-here/c/120.html

#motivation #stillhere","151","https://fyosamu.github.io/still-here/c/120.html"
"121","nowgo","Your mood is weather","Your mood is weather

It passes whether you argue with it or not.

STILL HERE — 150 short reads, free, no account.

https://fyosamu.github.io/still-here/c/121.html

#motivation #stillhere","163","https://fyosamu.github.io/still-here/c/121.html"
"122","nowgo","Feel it and do it anyway","Feel it and do it anyway

That's not suppression, that's adulthood.

STILL HERE — 150 short reads, free, no account.

https://fyosamu.github.io/still-here/c/122.html

#motivation #stillhere","165","https://fyosamu.github.io/still-here/c/122.html"
"123","nowgo","Five years from now is coming either way","Five years from now is coming either way

You'll arrive at it no matter what you do.

STILL HERE — 150 short reads, free, no account.

https://fyosamu.github.io/still-here/c/123.html

#motivation #stillhere","182","https://fyosamu.github.io/still-here/c/123.html"
"124","nowgo","The you of next year is watching","The you of next year is watching

Not mystically.

STILL HERE — 150 short reads, free, no account.

https://fyosamu.github.io/still-here/c/124.html

#motivation #stillhere","147","https://fyosamu.github.io/still-here/c/124.html"
"125","nowgo","You're the only person who can","You're the only person who can

Not the most talented, not the most connected.

STILL HERE — 150 short reads, free, no account.

https://fyosamu.github.io/still-here/c/125.html

#motivation #stillhere","176","https://fyosamu.github.io/still-here/c/125.html"
"126","loose","Everyone's improvising","Everyone's improvising

Nobody has it figured out.

STILL HERE — 150 short reads, free, no account.

https://fyosamu.github.io/still-here/c/126.html

#deepthoughts #stillhere","150","https://fyosamu.github.io/still-here/c/126.html"
"127","loose","""Normal"" is the average of everyone's worst days","""Normal"" is the average of everyone's worst days

You're comparing your behind-the-scenes to a number that nobody ever agreed to in the first place.

STILL HERE — 150 short reads, free, no account.

https://fyosamu.github.io/still-here/c/127.html

#deepthoughts #stillhere","248","https://fyosamu.github.io/still-here/c/127.html"
"128","loose","Time is the only thing you can't earn back","Time is the only thing you can't earn back

You'll trade money for it every single time you're sick.

STILL HERE — 150 short reads, free, no account.

https://fyosamu.github.io/still-here/c/128.html

#deepthoughts #stillhere","200","https://fyosamu.github.io/still-here/c/128.html"
"129","loose","You've already survived your worst day","You've already survived your worst day

Statistically, your record is 100%.

STILL HERE — 150 short reads, free, no account.

https://fyosamu.github.io/still-here/c/129.html

#deepthoughts #stillhere","175","https://fyosamu.github.io/still-here/c/129.html"
"130","loose","Most of what you're worried about won't happen","Most of what you're worried about won't happen

The rest you'll handle, because you always have, with zero notice and no preparation whatsoever.

STILL HERE — 150 short reads, free, no account.

https://fyosamu.github.io/still-here/c/130.html

#deepthoughts #stillhere","244","https://fyosamu.github.io/still-here/c/130.html"
"131","loose","You are not your best idea","You are not your best idea

Or your worst one.

STILL HERE — 150 short reads, free, no account.

https://fyosamu.github.io/still-here/c/131.html

#deepthoughts #stillhere","146","https://fyosamu.github.io/still-here/c/131.html"
"132","loose","Nobody thinks about you as much as you do","Nobody thinks about you as much as you do

Slightly freeing.

STILL HERE — 150 short reads, free, no account.

https://fyosamu.github.io/still-here/c/132.html

#deepthoughts #stillhere","160","https://fyosamu.github.io/still-here/c/132.html"
"133","loose","The thing you're avoiding takes four minutes","The thing you're avoiding takes four minutes

It's been four hours of avoiding it.

STILL HERE — 150 short reads, free, no account.

https://fyosamu.github.io/still-here/c/133.html

#deepthoughts #stillhere","182","https://fyosamu.github.io/still-here/c/133.html"
"134","loose","""Someday"" is not a date","""Someday"" is not a date

It's a rejection letter you wrote to yourself and never sent, so it doesn't even feel like one.

STILL HERE — 150 short reads, free, no account.

https://fyosamu.github.io/still-here/c/134.html

#deepthoughts #stillhere","220","https://fyosamu.github.io/still-here/c/134.html"
"135","loose","You can start over","You can start over

Not from zero — you keep the skills and the scars — but you can absolutely start again.

STILL HERE — 150 short reads, free, no account.

https://fyosamu.github.io/still-here/c/135.html

#deepthoughts #stillhere","207","https://fyosamu.github.io/still-here/c/135.html"
"136","loose","Kindness is free and rarely on sale","Kindness is free and rarely on sale

Because nobody's marketing it.

STILL HERE — 150 short reads, free, no account.

https://fyosamu.github.io/still-here/c/136.html

#deepthoughts #stillhere","167","https://fyosamu.github.io/still-here/c/136.html"
"137","loose","The people who annoy you most are running old code too","The people who annoy you most are running old code too

Same as you, slightly different install date, fewer updates applied.

STILL HERE — 150 short reads, free, no account.

https://fyosamu.github.io/still-here/c/137.html

#deepthoughts #stillhere","224","https://fyosamu.github.io/still-here/c/137.html"
"138","loose","You'll forget 90% of this week","You'll forget 90% of this week

Which is either horrifying or an extremely generous feature, depending on the week you're having.

STILL HERE — 150 short reads, free, no account.

https://fyosamu.github.io/still-here/c/138.html

#deepthoughts #stillhere","229","https://fyosamu.github.io/still-here/c/138.html"
"139","loose","A bad ten minutes isn't a bad life","A bad ten minutes isn't a bad life

It's ten minutes.

STILL HERE — 150 short reads, free, no account.

https://fyosamu.github.io/still-here/c/139.html

#deepthoughts #stillhere","153","https://fyosamu.github.io/still-here/c/139.html"
"140","loose","Money is a tool with terrible marketing","Money is a tool with terrible marketing

Everyone thinks it's the destination.

STILL HERE — 150 short reads, free, no account.

https://fyosamu.github.io/still-here/c/140.html

#deepthoughts #stillhere","178","https://fyosamu.github.io/still-here/c/140.html"
"141","loose","You don't need more time, you need fewer tabs","You don't need more time, you need fewer tabs

In your browser and in your head, and honestly mostly in your head.

STILL HERE — 150 short reads, free, no account.

https://fyosamu.github.io/still-here/c/141.html

#deepthoughts #stillhere","214","https://fyosamu.github.io/still-here/c/141.html"
"142","loose","The fastest way to feel better is to move","The fastest way to feel better is to move

Walk. Not a metaphor. Actually walk, ten minutes, outside. The chemistry does the rest of the job for you.

STILL HERE — 150 short reads, free, no account.

https://fyosamu.github.io/still-here/c/142.html

#deepthoughts #stillhere","249","https://fyosamu.github.io/still-here/c/142.html"
"143","loose","Nobody claps for the things you didn't do","Nobody claps for the things you didn't do

Including you.

STILL HERE — 150 short reads, free, no account.

https://fyosamu.github.io/still-here/c/143.html

#deepthoughts #stillhere","157","https://fyosamu.github.io/still-here/c/143.html"
"144","loose","Your taste is better than your skills","Your taste is better than your skills

Good. That gap is where all of the interesting work lives, and it's the only sign you need that you're progressing.

STILL HERE — 150 short reads, free, no account.

https://fyosamu.github.io/still-here/c/144.html

#deepthoughts #stillhere","254","https://fyosamu.github.io/still-here/c/144.html"
"145","loose","Boring people are made, not born","Boring people are made, not born

They just stopped asking questions somewhere around thirty.

STILL HERE — 150 short reads, free, no account.

https://fyosamu.github.io/still-here/c/145.html

#deepthoughts #stillhere","193","https://fyosamu.github.io/still-here/c/145.html"
"146","loose","You're allowed to outgrow people","You're allowed to outgrow people

Not with drama, not with a speech.

STILL HERE — 150 short reads, free, no account.

https://fyosamu.github.io/still-here/c/146.html

#deepthoughts #stillhere","168","https://fyosamu.github.io/still-here/c/146.html"
"147","loose","The phone will still be there","The phone will still be there

It's been ninety minutes of scrolling and you'd genuinely struggle to name three things you saw in it.

STILL HERE — 150 short reads, free, no account.

https://fyosamu.github.io/still-here/c/147.html

#deepthoughts #stillhere","233","https://fyosamu.github.io/still-here/c/147.html"
"148","loose","Say the thing","Say the thing

To them, to yourself, out loud.

STILL HERE — 150 short reads, free, no account.

https://fyosamu.github.io/still-here/c/148.html

#deepthoughts #stillhere","146","https://fyosamu.github.io/still-here/c/148.html"
"149","loose","One day this will be a memory with a weird smell","One day this will be a memory with a weird smell

And you'll wish you'd been a lot less tense about it while it was actually happening.

STILL HERE — 150 short reads, free, no account.

https://fyosamu.github.io/still-here/c/149.html

#deepthoughts #stillhere","235","https://fyosamu.github.io/still-here/c/149.html"
"150","loose","You're doing better than the tapeworm","You're doing better than the tapeworm

Which, if you think about it for two seconds, was the bar all along.

STILL HERE — 150 short reads, free, no account.

https://fyosamu.github.io/still-here/c/150.html

#deepthoughts #stillhere","207","https://fyosamu.github.io/still-here/c/150.html"
